"HolderAddress","Balance","PendingBalanceUpdate"
"0x000000000000000000000000000000000000dead","494949494949.495","No"
"0x7fd1de95fc975fbbd8be260525758549ec477960","37665419161.8673","No"
"0x91d630389f7c51fac68ab3d64eaa945ec76cd40d","1444177.8180292","No"
"0x49645a34eb8d7e3df7609aa4ccb74b1b494be5cc","3443098.46949528","No"
"0xd9ed88862f0ebec8750e0c34d5985a1b87e85ed9","677923.935871709","No"
"0xcb98923e740db68a341c5c30f375a34352272321","2388076.24930172","No"
"0x98f4db9a23f630fef0a4cc838d26aff3b291ed55","88198.287801523","No"
"0x5d0e71332c604bc599018a3fa04249be801fa102","22915889.2418591","No"
"0x61e0841d103d77325e7743d1ff7117efe7c2c9f6","2301069.92291347","No"
"0x5a2b016c641742fb97a75c0d4c22b2a637ddf4b6","335344.95936517","No"
"0x3146360820657d9989241a37633b19d2a763992a","584120.126642842","No"
"0xd57b95a9f40fe329120b3f8455ef621410904be2","3015.885119382","No"
"0xaa53e3d18dafa7b50ac3e25642d65d75e823006e","343922.083395408","No"
"0xddde18814f6f48187481a30cfa6d55dba1ba3d13","20285.401104906","No"
"0x27987189c23434bebc7fcad177cfd36fa0f0ae34","188720.823069136","No"
"0x861ee7e21a61b1b6274a5a84da009da1bfe6835d","5554684.82515975","No"
"0x42a92d6780c80ebfbaa7e75c32307729d6ec87b2","196072.870788388","No"
"0x947174ed842afe3e7246801f036709743f9ee994","13662847202.0245","No"
"0x809f3984afff7e35277060cdd34dbcbe55c6f180","347723.576291065","No"
"0xf015aad0d3d0c7468f5abeac1c50043de3e5cdda","3468686.82399909","No"
"0xe0f94903b58dfb0afb14109fac17e2c41ed78f47","898928.868527639","No"
"0xc697be0b5b82284391a878b226e2f9afc6b94710","2200099980.31951","No"
"0x977193d601b364f38ab1a832dbaef69ca7833992","500006296.878134","No"
"0xb74d5f0a81ce99ac1857133e489bc2b4954935ff","500318568.82389","No"
"0xfe3c8aa78d2b464483ec967a8c1b45a772a2ce82","124284.541176313","No"
"0x8d3445334edc6b0b3cef917f70bd82f3c5769797","426170614.860161","No"
"0x48616d15d66ba0385ac89ea94927a12ec21877ae","34719.977527503","No"
"0xaa5c36e3d8d3902301fffe87bdd0c3a7166c737f","817192.170009333","No"
"0x66ed7441465dacf123909ae15064a412c2ad2d08","3433868.44930516","No"
"0x7b19f21510b658c6424e635005f006900d547516","27882.165655865","No"
"0xb8ca31bf18085aa838e49792a6ef3e46270523c1","832882.225559225","No"
"0x358462f384fdf46bb4632a8814d68278439624d6","1390553.86802113","No"
"0x4ac5a17b758c3a3c93214e770e35c4367ecff8b6","10118.423232641","No"
"0x70bc96fd8b1e4264b138dcf2265dcdf749579590","4109024.88380013","No"
"0x2047d1a3d03722760b1eb4b4cdee392957d4f72d","119.87309777","No"
"0xe352aac86386bfd2d05e0cbcb1f5be5e3e9ab596","21712.890369894","No"
"0xdf0173fad0a06318479af7a51880fdc336aa9901","119340646.509914","No"
"0x7d339e56644104dcfa920a8bb21bb1d3a644dc87","1644248.90694018","No"
"0x9e5b5204751ef04a2029451515c9009bd01dcd4e","2936465095.40358","No"
"0x62d44f7540345de09b6b0ae6780dc151ef40b1d9","1566552104.77263","No"
"0xdc4697294b38a10c8f103d8ee19e4fefb637a77c","33978.971256649","No"
"0xc6e6dd6a0c61651d1bc055dc1c22418a729d41bb","1E-09","No"
"0x04c1f2cf48c98bf8ffb4bef94252d0992cf08361","161333004.970986","No"
"0x910bf2d50fa5e014fd06666f456182d4ab7c8bd2","1176818901.08118","No"
"0xbd39a0f84d7b455a5364538954ac933eda095c4c","46689.69172294","No"
"0x7868ceb3a8055656f8bdeb9451108b0245992934","38035.826490657","No"
"0xfa7e15dffa8c6b930523990af19a37a07c1888a5","117066701.794297","No"
"0x9b4e6a6f1576d413f9b020a226a9c2eb40ba6a0e","69654102.0729194","No"
"0x7d2b7bcd5ebe577c1ed1c0636d14c13b75f5a707","1500061004.28386","No"
"0x66aabbc630a265709ef0a6f9d694026543c19a14","54004.839917207","No"
"0x2e4ebc52ad387ba720ca175c6d355afc376954e6","1136061455.6745","No"
"0x5bde608982edb84cfeafaee11a0b537b30f7d23c","516645.683756087","No"
"0xe5cd73fa00a0a439295b04ef54071880aaa07f79","382310.598505228","No"
"0x016f515e8b2c19f052dbbd50c40d0d258edbc36d","1390.373808487","No"
"0x57dd7f7dec129f623eb9dda3acd900be2619200f","389344.461498729","No"
"0x170dd16d9f4a9072a722903fc9cd8525986a858d","4488.439988256","No"
"0x4ea257b9f84df300f2e5f3c4115f4aee220451d7","6.6E-08","No"
"0x39d855ed0ee00719387c37a8c26d6056e8582d3f","1993317.04253806","No"
"0x546c9209a6e2b6acc2e53d3b11e8115ba7396bd2","1435890.4946293","No"
"0xc6273dbc610fe3f032a509beb32830d40018182f","25224935.0896831","No"
"0x49768ccc323a415d57ce26f8aa120486c705a83f","50707.702707945","No"
"0xb279179b24737a988bcbca28db2e7daff733dc66","5546.221534045","No"
"0x5518f48d67ed9385c79340cab2eae9783c71288c","1152727475.46533","No"
"0x6a9b3e3d95ca45e39cdda9345de9c1e667a645f1","41126.929594319","No"
"0xf94b569cd29d700d37f72723184f9053906a9a7b","75227.878124177","No"
"0x9489271ddf36255363f763155929ed080d09b756","12748.078500601","No"
"0x233198440a1c7fb5d63093b2742c9dc8da11a894","100001807.201936","No"
"0x925b93b356a503a1b6430a501b2e49936f9265f8","947082.067307454","No"
"0x6576ab02fc1bbffb1dccd968bcc4c6f111b87e7a","6276359.22405402","No"
"0xcee66b14df899d5fd07019b38f66bebf0938f673","3941.326165965","No"
"0x7c5a77b5071a2ab9addea9d4ef143c459d152769","117981.334358158","No"
"0x01b3dfd8b2b5431fd1b09fc23a3c27e88776e7f8","81873.454548421","No"
"0x2f9dfbdc81575f67730e91026e6dfd69a4d5b508","204381037.73372","No"
"0x5c196b9c3aff2fded7ca2fa8f3576fb7a01ee9ef","11967.384568259","No"
"0x1c3ba0379542a0626b4b5fdc0bb988b1638b6a95","1378339.94363188","No"
"0x4a9d79b05f32da3ad917052f010cbf1c185139a1","16321.874528045","No"
"0x14d46f7a6d57073261f3beaa9e7f273843f9bca3","4209.208748181","No"
"0x2694b36a4db166457bc6311c16f3b9c6791c5a66","10660029147.2766","No"
"0x4587bdb1b0593dd8ea94168818bf7762b85d73da","14829.894059638","No"
"0x3953a612e28159fc3ef056fb7d3a78095d23af81","517266.688190482","No"
"0xd6f3b4ff1ff609a5db2adc768dd45bb6295c3ec5","328540549.065191","No"
"0x1f941812061fb1cb9484e38009072232f7bcd6d0","140328903.537795","No"
"0x106a468511fdd7b73fcd027f97b35a21972ef048","755.915608582","No"
"0x0b9b2e8c82f9a7e45dbede2971d567af8dbd0f21","274122.928939923","No"
"0xfa2e9fa79f787638a6906e6705a56579f2d69b40","737153617.062778","No"
"0x863b89bdaba9e6b60c94bf216a62995b2d2aeba0","441003969.035721","No"
"0xd4b3d494a59a155bcf91ebcf4b50d0a6f2baec8b","416243.973217557","No"
"0x0a1c55e70db7f2dbe1ee1d366f1a34c5a579735d","298800.691370748","No"
"0xe1fc37b900f36ff8551fee7cfa32cb7c6511707c","990.316788122","No"
"0xda4b5d7884f9e973d78ca365892d2a30f5f8ebd6","26145.341878065","No"
"0x6bda032b6f8b00c940df7e406411f45459fde0da","100060593.728655","No"
"0x1d8e9d8d83fb56d0be30a221f2a936b020379b74","23542.890924125","No"
"0x59906f80c0bbb49106a04555978f05d04a533b34","191978.36586484","No"
"0x8fe4d85105c1598b32df42a44276d648200494b9","16670383120.7146","No"
"0xaecd822abf8ee4676f4bf63991ea67762c894e74","63549.608562905","No"
"0x79f32564919899733b01f5bf485f67ab07277699","148045.953710665","No"
"0x53f496daaacf03c525c729af64005b5e50ca0d92","598039.987913219","No"
"0x71d6194d86b1f8534289ba34e0e53fb23af8deea","7227.229594992","No"
"0x85f3ad138a205f325e5725a850f410f9329d0990","48024.366126615","No"
"0xce7161c8b8b26bae723317b5c7d304b3adbb8c01","32054.2711047","No"
"0x4cb993c077c79e30e8adea290ef1c6af2423f601","205221370.144142","No"
"0xc25c4db2fe557581269607192cda125060854685","399033.835525029","No"
"0x3db9f0179f2a9fb546c3b732ef84ea727b68f62d","217960.022269831","No"
"0x97658d63067ed7022a025c1eb1c9ce3bfb35a126","619.953417013","No"
"0x80685aa3069498a047a2c26bad293a4cfbceae06","2260.941151703","No"
"0x77d9c51b7ef7bcc74f953e4bac101df4b0e99d53","12478016.7140122","No"
"0x0740d331cf48defa5a4c97697c4a5311b5a40f11","60539667.9858677","No"
"0x4ae9c4ba4adfc72c6d0bb8fa6b3a47aab11c019e","244046994.923299","No"
"0x2c1bdede8786a33ffd35b7ad889cb4085f8c2a1c","259476680.591892","No"
"0xfa9e221a7af006531a816e98792a3e4b22a01461","347562497.497972","No"
"0x9894238155c0f7a67bf45c773b130ca98688da30","33269.729828085","No"
"0x50b74c05a0cde8791ce1a1d03aaf582110d7d501","358313179.116167","No"
"0x0810414c1cdd3db2ace12975c168a086778e835e","191968.720833643","No"
"0x05ecf9844ca7e45a6551156d5986ee507b5cbba7","3412054.41437033","No"
"0xe27aee4bab0bae70cae092a79dd0c8dde3d4b0d6","114157485.21124","No"
"0x1de95c102c42849e3da1dd6ab5144a17b9ab205f","7787.79358525","No"
"0x2f5c609ba8077e0c141eafd5e7b33c2e659f047b","15552.846409504","No"
"0x291b70f9a1ba6cdebff4273f1900fd7eab41de23","42.144080433","No"
"0xe99c8901cfef4c0052bb7bac914f66488a9e368a","1414.304217652","No"
"0x58f464db8eedf24c8baca94bdefab6337c828ecf","51233469.5681191","No"
"0x968a76cd820ff569092ebe12a622c7dbae05a8f0","12432.763093556","No"
"0xb27b24bc2c2527f2104b664bb485c733b311446b","2660.385268846","No"
"0xa7271c0fcb72e02547f382a3c18dd9a7774bea35","72489.879638611","No"
"0xafcd5729ffb768742ef6526bac804b8a12f5f56e","3641.169602824","No"
"0x4b89d938a6731c0f886e5333db09ba6b94bf6551","1105309315.1167","No"
"0x1df3f1e5fa29f609758f09b00a5b2e0f567991af","50000252.9234785","No"
"0x56e98ef26a83533d8c38ab8bef4fe5fbff49134a","5326.038445974","No"
"0xaea1da048dcaa7211848b3419d454bda4aed9acb","2880159473.31839","No"
"0xc4ff50f331682093c0f4532428410c84e91398e3","993962286.076419","No"
"0x45db73762aa6e7771e896bbf9292a6674d3877fa","342820556.559081","No"
"0x3a2a7558bb3a8f1304e304143a517a425feb702d","756015764.672767","No"
"0x4cc0ab37598b34e8e80e8c2879e7cdd7e23ccdfe","315102047.424959","No"
"0xde44f07688f43f48c8af7f18fb8883384a4157a5","2551758464.18715","No"
"0xf4a8239c03f5a7bd7dd0f3851580b01a21765ff6","2430.389584099","No"
"0x63cd3c641f7e57a60df6edd11bd9f353147df307","108804.409642371","No"
"0x949648802aa79b1ba14d82715e4662e3fb943059","136730.660183061","No"
"0xeb5cc391e8cae0d95160bf4b35896efcd19182da","1061719.6371114","No"
"0x79286ec080542a3fe8822cc6180ee4ba5c5fa221","7755.560627177","No"
"0x6cde8b2a2a75ba62208ca72f54821255545cb233","262132229.827535","No"
"0x81b2414cbb95d23635ff365e1e2d41603af0449e","1490.812210842","No"
"0x961c5f7fbb5e1e72c10f26f83a8b39b57906ef8d","349632.000014669","No"
"0x2b0e5b3fc19f9f490d8bff64257579744b916c85","53826.443591495","No"
"0x43db8977a78b8a093daf69f8ccc28e06e54e5c8c","108043.703122367","No"
"0x7d25ccf0273bbd11f285228f9531ab08c9561597","102097884.577146","No"
"0xeffec4a52c36b7283f683f367443ad654f95b7a6","212989917.438622","No"
"0x75431de18fd56d7ac8764276147459104cbf43ec","530.906594151","No"
"0x3fcb3245dbc1e8688dea453eca848d9b6559c9dc","1052854.82876581","No"
"0x67d9e789cb79c395170125d2c7ca03111a0528bc","57535964.7109416","No"
"0x8cc183832e54bdc3f69ab1008230494e1381f6a8","1021.820087381","No"
"0x6a50f064530f51827446de3e1b5f1643cb7f30b6","51092929.9462635","No"
"0xef14db00cd66cb91c9304377b58c258c56a8885f","67220069.486895","No"
"0x0177ed3a564b3a19387376676aabe76fe19e1262","1051889642.96415","No"
"0xc15857aceddbe4500f3b3890a15332bb830613eb","3266.928278396","No"
"0x598527318425db2611b55aceb7e7f3851f968150","14451.178114846","No"
"0x42409d6edefc74b970ccd8234d562b322676c249","426143.463031118","No"
"0x932214c7f79e40214de44350ff17796e8ba65186","319810574.391826","No"
"0xdf828518e771ae2d8324fb1f01666192a94f5df2","1629.345538341","No"
"0x9e2ca9d42828e391ccd2455c368924b9a63e07bc","79328598.8644697","No"
"0xec7af59d0bef1360eefbf5fd980cb3042b83a551","428765406.539382","No"
"0x07d8451e22c7c1d43542ab65e1482cd31debc25c","30002280.9299219","No"
"0x1f16a6e42f218ce149730ea98d2d8d9163e4351f","29402645.8092998","No"
"0x66dbb8d0fa6bd91c0b355fc105ed2a53e432c598","588052563.354246","No"
"0xc1b0b79e151f9746657ad5867ac85e01472ceafb","96976859.5715647","No"
"0x0289ad50283d4e21f920e3967cc75211220cff9c","118970840.410327","No"
"0x493341fd5c4f428f1d6e76252e170b84fe9cb038","73646915.7764381","No"
"0xe5d37dc7e7ce6963670a9092994ec01ca2afb4c7","54302.015480853","No"
"0x3082a23cbcf999bfaa6124b8fb17683d264e3f95","5521.325523598","No"
"0x89ebd72374fdb3f0c1d3c8d0cae68e7d5f4cc463","95379678.2199672","No"
"0x206ca1829e53b7f956cf781e180c4f07f23f621f","57069329.102045","No"
"0x0c1efbed82e0e4e9c73bd1fe2b59bd7fbd693f21","166600868.855587","No"
"0xf5c26c6cbbf1485f971375b43d13004d9d9c42e0","159150013.381305","No"
"0xb39de5cb990352b3392324d1349f8c8dfaa16334","122300510.273136","No"
"0xfb12c54b2959aab14269300359babad0ca42235f","480881.56900748","No"
"0xdb173d75492a1da6172c8014af933c1c5d965e2b","100577283.528173","No"
"0x33c083accb21ac51208cc8b58032f7d27cb64184","80465239.7358862","No"
"0x1d440c661ab18a851dbb8e9eb8c20a5d720d1c54","633.926013461","No"
"0xb32beb8516e95293fe9b2fed95922159e9d01ad1","3541.051718792","No"
"0xf27420538fa7d4cc017dfc885eef3177f9abd88b","84196268.235203","No"
"0x099d02fec522737c60c67ee1d8e90f570e048be5","14962459.2355581","No"
"0xdea98a33c8455c54d6324442530d41102a9481d8","46555603.2966165","No"
"0x567bd24f3d0c7d96115d6bc30c69244b7314c786","3504.244542831","No"
"0x4e547d0408ad6d35fdca30ca63ce9ed8a148940c","6661121835.64289","No"
"0x7120d158b4e3421b3899b5a8a2b8733d2b308327","53495962.4314178","No"
"0x5001e7b0e2f78cc8087f4b965f7d43798336f743","11471552.1926249","No"
"0xc4811fc20e10a5fd78bd59ebd522f43497973a8b","79444860.7331752","No"
"0xd5caa4bd2ff51042907dc4266327ec8e44575728","591497390.514827","No"
"0x9cc50bd106049e8497dc6116354174fea6cd3636","396629915.553752","No"
"0xd3270a163f9600111ed9b4fa545253aa99d933c4","48523.957686338","No"
"0x6e31d226c3c10d20856d02f9d057522fd55c1c59","251017178.629342","No"
"0x5de5504a3a9c99b154a6912c4dd5cac14071f864","134995429.113596","No"
"0xe652044b269a07d776e3ea5f923157b6d45b8d0b","1979.847582054","No"
"0x22d2a96cd5eea9f435e3433bf9306f7155d7a502","166588.412104732","No"
"0xb3b0e84a264c969628bbe4dc11b931a01216d4f5","284686538.892285","No"
"0x2d036850a631ecc2bbf4e935a6ff4e3a863fa59f","25028533.1776801","No"
"0xfc04ec649be75e2b9bfe15d49e385f65277103b4","246793.854056591","No"
"0xfc4e2d2233e2d01a236c2549ea688dea3e7a04da","1459.980750277","No"
"0xdb28326e00361211f10ac462da1d2f74eb10cc29","720304294.631611","No"
"0xd263b093076130d5c2db662e2237532b6eb8cc87","8676.020510691","No"
"0x81ee1176ad31dd58efef903460c7660ff7326c5d","101729.922067922","No"
"0xea156664fef4fc0388cc6d5df09776a43caaf239","0.084218752","No"
"0xb45f93c6b6e56075b94fc22d690474002b92fcc1","80187232.9823653","No"
"0x661a600285396d323b357c405dd43379bb42224b","68273506.3192981","No"
"0x73e4a2b60cf48e8baf2b777e175a5b1e4d0c2d8f","61345896.0683235","No"
"0xdc50eb7aa60c805c5304ae4df3245c71e8bff083","36826.919649105","No"
"0xbc72e86f0344d113b4b8cbcf1744ccc71faab85c","186826045.400959","No"
"0xdb4ac39701a04ed3362b3f8ce27bd88a5ee96b02","9137.774738552","No"
"0x14ca9ec64239831c6d34426ed9339c35b9f5e2d8","1821142608.83664","No"
"0x84136f473d5b9554380fddc302c9808a374e5378","260002811.906282","No"
"0x59d40084588ba5eacbf94de521dc22b03851c88a","24454.689531516","No"
"0x09ad8363b6a781953979a6a188f82e9c93119bbf","11317.293545024","No"
"0x188c30e9a6527f5f0c3f7fe59b72ac7253c62f28","300136853.502239","No"
"0xbfa1801aca57b84a6b9672df31f54e5534b78c41","186360259.974007","No"
"0xaa660be58233f2edfdcecbabc8e2438a2428646d","124989233.369689","No"
"0x1c354da1044fa00f08e5588d18c256d88c49de60","7.561090136","No"
"0x46fab85ac9a997704ed36eb3c41bd97dafeda316","324.12895782","No"
"0x4b0943930e1ff67e4d4a56e9e912b1d2e47924d4","421139057.975596","No"
"0xf1b223d7cd6573e0ad590eeaba98a8b9db1f7b61","1804.657935158","No"
"0x1496b1828f191654469cf0f9a91b1610532d1749","2036.485066472","No"
"0xdc40fcc55f9e2058f2e142251409c2a325c06b07","38021625.80768","No"
"0xcf1a9491cd1d9f6fea73b0d77b2b85387052f52d","50678636.2622717","No"
"0x4c5d01ead25e3effcc4e1df01d1bc2bc9b4de93f","1137726151.78699","No"
"0xe171e4d20c7d50d20e8eed6c1c6d8287fb223ba4","98645491.7992109","No"
"0x33132deec379aee6352b06830abf6223d8167efc","8697.943518492","No"
"0x11a73c4fd819ebcad10db9d212f8471ba8a5b646","1491.419893181","No"
"0x8b98860ad6eecf8dccd96c2f8234c413de0b9ef4","326464965.497839","No"
"0x4951bf431859e8707e098c2303d6277e57773c48","29980.037060242","No"
"0x2b905cc57dda0efacfb6d412a9feb7a409f2e3e3","489.923273974","No"
"0x171b0009124d9b96f1183b9cf6ad3b8618bee5b5","20275680.6297886","No"
"0xecd2bded3a8fae6f740a67470ffcc14936f13de1","60651903.6128693","No"
"0x3ec49c2702e41526db0c58745a82b3ec0e0c0d19","82946776.6195659","No"
"0x480aefa41ed7c21066bb3a7c413fb8efbc86c0ec","10292.276067753","No"
"0x1f320dd186eb794131cac7630f265b5dcbdf1ba2","30020.554283827","No"
"0xc6d8ba7832a9a1b8ebb47d96a96733260056d996","31681033.4614196","No"
"0x6d2e37a86e43bd3c594402d4e5b2b68f37d5daef","2682273085.48437","No"
"0x29ecaa773f052d14ec5258b352ee7304f57aabc3","52.374348353","No"
"0xfa10dc4c2e26d9a5cf3351e96f631bf3367a342e","194608417.34148","No"
"0x9ac4dd66896ada97e5b13139d68577ce9fb217e0","130365038.224669","No"
"0xc0be51e77505d0ff1ad05f72e70002e10d49f2bc","2571619262.61962","No"
"0xa54f6d98a91f2d0dd6545b0e6922d0a1544b3377","28897195.3014141","No"
"0xc0682d80cb3c6bc921f3f4672f814b6b4d476a70","600254793.395273","No"
"0x7d92ad7e1b6ae22c6a43283af3856028cd3d856a","1581785.07735815","No"
"0x760328cf171b92a42dbe5447afc28fe04e38bea6","31992624.3242367","No"
"0x1636aae91d81ba4a219031b3e4640f725a6c4089","48609176.9940144","No"
"0x5c99f40038dfbdba955ae6811db1856dd38e1c75","5213337403.93388","No"
"0xf6783aaf4c89988f709e2d631c73ef3f45995809","799917538.012689","No"
"0xfd91bae6ece27d32192d36c80a897cbe0456790c","538.731102446","No"
"0x069bdf390edf05780eccf7e0879d657ee8b45d93","393678410.573304","No"
"0x0000000000007f150bd6f54c40a34d7c3d5e9f56","1E-09","No"
"0xf26944b054e5dfcfdb709a6e66adcf4800d81324","73223824.8049549","No"
"0x319ae2eed5238c6c1f9f5c836302c147cbcb1406","6215980.64645074","No"
"0xb9bba88353787ac41f6ce5899f1f8de273d3aec6","7704.207020379","No"
"0x259a97792faa2c27e50b7ac4c30f7ce7aab4bbfa","4056.946065862","No"
"0x61096bb8a39f137ac5f025553f2004ee0645a098","119705256.790122","No"
"0xb92a7824ba643ba083fbf409fed0e7a49c784202","2033321.36521245","No"
"0x7d53fa76db81a0ce78f4d58156a81942e82f5a47","37873183.3690135","No"
"0xfaed9395348674a866df58d60babbee3481a7925","474.603792111","No"
"0x5708ef41a72f7a12a7bfb7ab0152d531ecc3d233","30453109.7469785","No"
"0x1261e919eb61a3cf41b68b65192ba1a4491c53d7","282678653.503145","No"
"0xf05fa9c66ef1d6af9285ac577a7bee8e749e2b30","9992342.17778858","No"
"0x446a84b3f40f2a0043e2b30dbdca672582bf0141","99533327.988795","No"
"0x6b2944b7bb419770c2b305b633cf497aa81bcb72","1625.16349769","No"
"0x6361d059ce1d9f49991dc7410972d3ad7b698773","77604.992894083","No"
"0xfeef1a0eb9fd62393ffa9af3a34b25aef0cb14fd","46030.552267009","No"
"0x482f85259d8942247aaabc2b827381c4ab62b47e","174703929.572895","No"
"0x0056d1fd2ca3c0f3a7b6ed6cdd1f1f104b4bf9a9","1260926965.30483","No"
"0x5a11e6d4e2387f870cde9f68f320e027a672b785","60129149.0354536","No"
"0xadd2f28b087afca908a06affcafeb57cecb3de4a","0.905704266","No"
"0x69a87aeebe2f68ee9e177884f193d548d2c5ad93","66234715.8039074","No"
"0xec97964a04af117a99ef9f557cef2ff88ab59cf7","20747879.950321","No"
"0xf0754756e71aac7ad2b6497e7006f5e44d68d592","1654520759.76547","No"
"0xeb3d06f7d82f4a655b8a7dcc87b923eb6c5563e7","6005122196.65514","No"
"0x41d482a88c0bc2cbcb519d6d27e0266ac9255e63","71355.931877155","No"
"0x58ed41059e9166fc26c51efe8881b46e029201b2","90178758.0000492","No"
"0xf6ef30f53e1c9784c64739c16737dc191daf0d18","30562865.9063802","No"
"0x8659947ee51fdc825d4f8bb5e7998dc536c61cb1","347278175.602062","No"
"0x5a8d5dcfb9fc9dc5cd1bf85b9f106e6beb075402","486458687.563041","No"
"0x456920c849f0b18090c9c596bff47567c4161758","6005.799879583","No"
"0xa46411db2143a13e733c8367d4e9f51671b76acb","23885393.5426072","No"
"0x18842d30863c114e4c6986db4e42fd910d68e034","11707.148757258","No"
"0x35ad28e47876e039baa27a138a362e3966d51e5e","78400125.4402007","No"
"0x23e58b69e51bb5efba00f62675c7e3e8bb6c604a","98387.164810137","No"
"0x485690b070b5c83227c264927c4d07f91a405199","421158360.163596","No"
"0x4c889c286ca9f8f7940ac226935b5c921a47e808","188452684.026564","No"
"0x98bf26dad194d2b698ec127320572e42ba0218f4","1331247386.83073","No"
"0x6e354a1663ed3755faa52bcbbe7170ea7c4d5bb4","220501908.431274","No"
"0x05935b37d38d374f4d27e63dc7df2c8ce687b0ec","1799954134.7451","No"
"0x97c1ecd6f1b528e0594cbb0d25b4ecf4cd692c84","10609.279602787","No"
"0xeb95ac494d9ac29c085bf32df1fcfac91481d445","1126993066.01163","No"
"0x0960a72ee73ef6865c0291cb15410ab770ae30df","49000049.000049","No"
"0x5b0e9e9bd07ffcf3ff1490ac1fa00045b52900f5","401877711.097098","No"
"0x3a9add34a96e307142a1af2d6d48421f1225d7df","16193.407613501","No"
"0x80500f03eee33149914548c1c1f96b3d2b37f2e3","1319.730977143","No"
"0xec080dbee8f60c8e6d7c3f52e10832718d2b8d5a","103338549.656192","No"
"0xbfbeaadc71b7a43bc59c1502284b8432905ef106","31929583.183854","No"
"0xccc9522ff4b7311e16ef87338632e184c4fa9a23","60252922.7759957","No"
"0x4577f568e68254c023e782daf9db76e59b8f99b5","98098196.1965884","No"
"0x8e7fcc7a17f00f0f5f85f2d5964a581d0813c8a6","1933672658.26514","No"
"0x6c2cc6633bf9fa68953228eb97d37bf370f3fb37","11782.900598182","No"
"0x08c54c853aae262abec9bfc8b48496d8f5a72c56","29503.662535056","No"
"0x14b84618c2e00813786dae406789e235607f31d6","61982575.0011337","No"
"0xc992e64b49842bb8cff2160f0a7708c8450a6b94","536.589998687","No"
"0x8efe30c78018ecffd2570a507a450c538e094258","290000607.343345","No"
"0x3acefe2fb0375018b68d8499ec9c73bf96a27ba3","160902988.472668","No"
"0x7925758eb5961a56e3cfc369682d4963a4c22868","61217203.219426","No"
"0xceebb1940492ffbcd9059346eb0d86fa59cc2911","1400120441.92207","No"
"0x7e36db73c63dd698c968f3f991819c3eda1b8a2f","1642.043935238","No"
"0x21f63fa6d1f17a738d3447b8b23c0eaf1027f359","100015113.701329","No"
"0x13b3a50f3947476eda74fe191344524e2d2d28e5","105699721.7783","No"
"0x1533a6d6515f07bce129350ec25c59a9a69ad7f9","2650652641.78589","No"
"0x7f3d32c56b94a9b7878fdfac4f40aaa2a6e11edf","653342043.907243","No"
"0x12d0b1ae5c8d7daea20182a072b2212cedb95952","26926770.4397635","No"
"0xce01855a2ab2294885d679a8f4e7d6d5f1aa66f5","128980422.183642","No"
"0x6e46488a8d1df5cccbce796c23c780a8c66bba60","379655811.623067","No"
"0xb3ffa228c56d566511d6b30622d0b114d672a159","11706255.2786917","No"
"0x3091f9550538f3cf3fe288e614d49185a3ad5191","59000118.7688226","No"
"0x6bb529d1689b116d078dd420a21acf57cbedfee3","2379.089051479","No"
"0x4c932de26753012d68a2fdceb05d9b66a1321f88","205502007.051573","No"
"0xcbb80813df17c9bb1b18b100502501de549872aa","71514743.6399405","No"
"0x5cf2a43a7d2b2b52497a29a5cb56066da9ee381d","302179024.721803","No"
"0x2be6b3b1f00edfe59d35163ab718c997e8cd7f73","87324492.9937136","No"
"0xbef984d1c49260867e7f76a4fc95e5c03fce6c86","30811141.3957562","No"
"0x4173f80d02729b0a49a59047f27dd93e67e05096","123922345.753231","No"
"0xd94b173389d363873cab480b7ca3583a9953342c","137200384.161076","No"
"0xbc279e434c1522cc4deed22118e292d831b7e8c4","1010675688.34105","No"
"0x0fb18bc839ebbb877bc7b1a13eeee106e3942170","115374273.567721","No"
"0xc3a88187c7e854c2c407514dac916a4e1ac8fe9b","1081848486.4163","No"
"0x275d6760e4205cd8b2453a541201e0bdfb51ffaa","231363098.000256","No"
"0xfa10b1da854d6c01cb3c5f7b55ce069f8a204269","124788414.896363","No"
"0xc64d120e8edcd40c9e540d75b0e73714e81f7108","265922616.708843","No"
"0xd365d05c1b78f25527d3ef554e87cc5ec85ab483","56899.898682825","No"
"0x18f9943adc00c774f3682794776ef366d276aa73","98000196.000392","No"
"0x3b74e41661cb59e69372e1b9a6be18a7e9648335","45791.046491051","No"
"0xc4feac1e44e8f051560b1e8b0b02dd8dd7c11485","520.166209238","No"
"0x4571b4f446a88e084dd55240f5d19138019758a7","58861928.2698606","No"
"0x15d81010513daf1dfc32b42496135d00fef47a97","44539804.0355455","No"
"0x81900be374b7fe8ebe10f8321e070beb2697b110","199262131.82341","No"
"0x634dc730255188f8a20c7ca54c5c2df00e5971f2","46073068.5009315","No"
"0x5faa4cec20522f51c4b576910e2e54c6a76a9273","308323155.949715","No"
"0xeb803bf3895add7301ca156ddaf1a6b615440fb8","19600007.8400031","No"
"0x75dd1ce5dcf7a9ee41cad8ef5ff27f494d28b28c","231.172311986","No"
"0x17539dc0b0f53c58cd19f5f976dd3263047f7cdf","3382.890844399","No"
"0x0540cbed969f81abc5407799b808dd7244484019","150727831.047034","No"
"0xfc0ee79866a95f498ac30901309add748ec92667","451613369.527779","No"
"0x3cdd1b40d43a3c64c44d24d65068a06ecfa58468","5038.918024071","No"
"0x9473a3e3a520463f127c02ab58b5426c12b644b8","33110394.3468024","No"
"0xc458692d9edd3b025860d91e886ec7ea1b4d67a6","59935650.2365618","No"
"0xa263e51ee28bae2ec959ff23f0be59a1570df2ad","200451614.659546","No"
"0x4d3aaf86f75b1c2c7a5c7fcec43632e56f39aa21","750611.890193595","No"
"0x223a35433f3f87ef302fdfccd77777dd0cd51f80","381.286771915","No"
"0x2f0c424c5ae020396682eddbbbc75ce3b41158cc","41000152.9980608","No"
"0xb2fee3bf863d7f8065ae2133f478e8e7746708f4","42915177.3851575","No"
"0x4717ce8be5a863818051b6838e6dfa6f6875914c","244138178.27697","No"
"0xd4280d0c018bd0530868b51c5c8b05c0f858494c","156842664.776494","No"
"0x3883cc08b76d7b2a05e0a9fb9bbc7921278168ff","735470.597484323","No"
"0x57cd178c7a82fadab166cb01b2dfd8cb17e1f36a","258330534.961487","No"
"0x99890bdfba6d0a355c48c64105791082d2297915","147000441.571229","No"
"0x72aded007e2559b82c14e993e4978399851fdae9","7596.37852386","No"
"0xc201be899bf0a0f3d170f795ca5616817e217712","3985.840819444","No"
"0xc1a71a92a3c7d165be5e80d06f6b51104cfbf79b","170.084514256","No"
"0x25c94a0f27567e4d9cc8a91fcea0d9e00b0eb06e","23118.033468127","No"
"0xc1aaacc8321d8e4bd8ec83bd2aa04919d1d295a5","313602007.052845","No"
"0x119840f12e9d21f1c37097e3f65d3cc1ac084646","1337666658.79885","No"
"0x83fffee2c361bb18b780777cbff2e83d86b21393","978127.286669875","No"
"0xff4b8c5d8d8026e68e6390429548a61ffd0d13a2","1049696719.11475","No"
"0x2b640f87d708cfd6e23dac94577866a2ee040df2","154519735.223512","No"
"0x4ac77bfe671b811a5b6d75508ed9271a98e23b2d","175597740.508807","No"
"0x718def6383435d6581159b67c87ebb97b4a8f8a2","1133.248946234","No"
"0x2fdd510af58217b2ee2bd7c5e6fae88f82249eaa","32005.780989075","No"
"0x6807e96eb27c10b4cf97d7aeec6da6f5a05b8bd7","263896726.743179","No"
"0x5b4ef8290bca4b8956ea579b10520dded6c000fe","584332356.680986","No"
"0x1872d7001ff98b3b1ccd04f92df203587ebd06e7","18545746.1023455","No"
"0xe6a6ca25d4f4c57d0ea02f2a39d290770ebe94ba","185099693.98501","No"
"0xea970ee338573d4630dbb2334a48a7fb8a173192","330281.899158972","No"
"0x9ed2e9d50d14ecba839f4f943a4521dbbc49f8c6","308774273.352582","No"
"0x7895c1764166104c0784df19417dd0924ca0c935","87302379.6649063","No"
"0xff3de71243ed9227a814e4305faddb82ee2c0f0f","49453148.0499839","No"
"0x213fe6a17d34f708bc9aea6e674a58c669853a69","9800001.96000039","No"
"0xf4d1fd29220215095ca566bea471874704e467c5","221447165.464111","No"
"0x53073e497303927880f18c5fdd904ccf5e92bb15","95608958.2158495","No"
"0xb580b374ba8095b3c4de15538c8f2a91e4f11f3d","154456552.726283","No"
"0x4c352abcbff7539a0a878a324d92ba05d9e2618b","0.806321902","No"
"0x7f56c99f3a13ec0dee23bc9ff0e07715d7485a87","24705.578562647","No"
"0xe70926f34d04572d8f4c362a9fde5d70ab1d18df","7338.556874983","No"
"0x82a6f1ebad545284c45c4b0d081cdec25b6471c7","168.326856897","No"
"0x0737880a1866bfbda9dea62c91ba00df6c79f395","5210.970672628","No"
"0xd80579e55e4d0c02496914489cf13b36b5c36de1","44528464.4080259","No"
"0xdc398c6799f41429cbddbcaf721a02df87a3e1f5","63399203.504347","No"
"0x4078b5c082875b3092d02e0dbed8137e8a98c930","1687.104300011","No"
"0x6a10e628d7e8cda1ec1d65a4151084cb2122d8c7","1423.05707935","No"
"0x3cf5a8266a60008139c8f25f415cdc7841afd15c","113255454.046489","No"
"0x22f5c167ef84a067578d08e2c1514caec9f5bad5","35020792.0603372","No"
"0x0614df7310cd624fd9551395dd97b9b0599b78db","2431049330.44188","No"
"0x71c49278eeee6d73ebb5c6940079db74dc8d5e8b","570696624.307109","No"
"0x1d687b63f8a5826596155a7341d238506c96726e","3336.604007292","No"
"0x3a8a26d1b76646d2ec33e55767ef1f7dcd5d48e6","3960.941303441","No"
"0x3c8c715e1ad1da88dedc6b853b89119b615cdca7","735627225.625916","No"
"0xb5deb59427aaf0fbc97aec3a4e2c88232e8a46b7","98000196.000392","No"
"0x38d7a966039b7b66d962ebbe2fbff7d080000a7e","711.232397974","No"
"0x56589850a63c65ed54bbc1bbedb0a50fd5debce9","9800001.96000039","No"
"0xfa3782aa1e0ec151ee339543c2fbadce15e370f4","3932.981708397","No"
"0xb2f89949ae8001c3ce3bd7424c5d2b45fd5927f7","944223892.658645","No"
"0x6dd82bf7b9c54a5c74372f25f69c407cbd18bbd3","41796.753923216","No"
"0x8ac44cb68fb97824657ea8f782c72cc0d4261e1c","197561908.406078","No"
"0xf7e5293041b4d3c4d841fef85b86da0e4d1326ae","1002.764246538","No"
"0xda4088f0dcf2624885b69f0ae3569bf8100dcd67","88576409.3764769","No"
"0xcbf9e4a0c2d28673b0cf5cb078c6b4b5d18975e0","9800001.96000039","No"
"0xd3d707a708055105d48dbf06f5e25db51f169f0c","17632532.1887712","No"
"0x9bf1d66282f8040c7204873dc1a992f134da29b9","49000049.000049","No"
"0xc977416017c87a00b0a49645c33d1b7af7f513e8","52566834.3530503","No"
"0xb09949d0d065c08e4fbf1729d4b8d9a2780138e9","8741066.69156943","No"
"0xa17f6f7765767194abd9b9341f8992843d42cb08","36086579.2892766","No"
"0x7c9b98b3b7989521f4258e91b1461dbf9469d645","104864325.394648","No"
"0xfc97cad6fb46b9ec3e4c1321c9f626465887cf0b","879020998.1767","No"
"0x4209c80442ac1da6ceb34e77da25cda9b36aaff7","3005982825.60429","No"
"0x88b4fdb90cef9b33e308ba42e013914c28a6e725","1590657.26506455","No"
"0x2ee792d0c921d272d33d40df84696a8b6aa0a1bf","186102907.896062","No"
"0xf08e216eac889f3f4d427815964adf0847a3eb23","98731.561197983","No"
"0x71dd9fed60be2e8ebf3c333570956eee6d91b846","431988.289358237","No"
"0x1c28fc2155aa2f5174ffa8012fe81708612102be","319255348.571883","No"
"0x9818850d10dd83610ef8759fd44c09a4d1e4f5b7","30052600.4318008","No"
"0xf16ea068a2d7821610e0b2b748f4f246887d9a20","193316188.894469","No"
"0x1de7554f0833d98d99c07e891a9846a5ed8c73ee","42523.01410164","No"
"0x259f52a78a8916fdf990bb7cd951c6188e1c0f56","373094063.487649","No"
"0x011b04f1979ac30beb57eb041aafc9072f94c6f4","6261.740880689","No"
"0xc9d58f0141956013342008f62b4d127c4773c152","1841512083.68927","No"
"0x691ffc4ca22fbf06608f80587a1f89cc1274ec7e","7434.640443557","No"
"0x6db6f4769df9282e82ac8e51580dea435a213b51","2311.857410996","No"
"0xf46fa879fc05a4d42a8699b65858140aa22af3a7","234068233.203075","No"
"0xfc8322f70da721380e4d2dedeb4659cfa8efb53d","891.204933589","No"
"0x7005b4168d6df61d677bd904c925da0d001e99c1","29400017.6400106","No"
"0x0d80a2931947174cd3b03fbaf90077ff4e7e70bd","578616219.618541","No"
"0x2d1800d9f3e98418b1378ae9c3bfa2545544420c","186458987.117369","No"
"0xb7b47e69eefb9673e821e2fc10d0c342d9ca98af","11796963.6501795","No"
"0xc0a1a7a05daea7eb075bba2e322c5c249e78c284","167490880.275397","No"
"0x789b6f61da3ff1b637d0c5130003523df4d5cdc3","200983899.339027","No"
"0xe5c9e5421ff418727e17659f439477f7be6a913f","68234859.010354","No"
"0xcf4f9ea44850ed75a458325ad15af341ee4622e1","200001575.020158","No"
"0x580d7a164bc71cc292fee4d4ec6d0df30288c788","1102975453.09768","No"
"0x8a83099cf9d4aa4650a6cb0ee876898a5d3eab83","116641144.054722","No"
"0xdb56b3a88a266fe6e140426efd8c200bdf256415","119369840.716022","No"
"0xef6985b07e44c98d640b6aeb15c0a25a86a800b7","301149117.40598","No"
"0x6c6dd36567f592a79a599f3331b6cb4d41883541","323402456.46103","No"
"0x7977e50ce04a1d9eb78455129016ba602a97cb8a","80179181.9924308","No"
"0xb2778d2703382a4288c7a02af9913ce1330aafa0","2373178.42863306","No"
"0x77e4654e104f3ce309c4bae1f7a43a2a65a81d48","96703252.3822474","No"
"0xb33b9399039da430ef13f52198ee3db472f986e9","6947.356926573","No"
"0x1bd8623548336273b8b0338956232ffdf3581417","20881855.2400051","No"
"0xb0cbb6d59f75d507be7c190b2d761c660d589343","208431372.843386","No"
"0xb91a184277d020419b05ac0e8f83d5c2f82a9402","88173266.3363579","No"
"0xffa08abbc671960b8b0d07573b48294be20c36ba","2230403624.55299","No"
"0x74cff528e935f11c605457e10c4c3ea19eb167b0","672743.88596042","No"
"0x738e33292a6c3d66f4ba7f34319ce37ae9c45fb5","23861975.9829318","No"
"0xcdf191dd6afd1baa9f264883dc44c4a23e1d9ca1","14441.351907789","No"
"0xf5dd017dd4daf224d653a022049faffa754964a4","56852.423705558","No"
"0x8ad1ff964e35a3bbdd453c4b8324a41b58898ca8","175724735.740052","No"
"0x8bc90c7463e58653e41c6abee7ce0bcd63bd7106","49000148.3716775","No"
"0x22bac8a12c7df24033ac3662ff897f9338c8d03a","20.398254766","No"
"0x42166ca41943ea6c2845212095f79436aafba693","1404854347.47497","No"
"0xbac84cbfaa189a2c96875187063740d3c72d5534","177676250.154049","No"
"0x4f0e39119d9280c4f0dca1f3b97c0d74893d6143","147000441.001323","No"
"0x7255fa2495853f584312be3140caa7268e7012e7","3117.146877709","No"
"0x9274e5d79fa85206eec4d56f76009d21ba927d7e","19600007.8400031","No"
"0xa0a1900a98a6ca0552361c668524d6a46f9836a0","245545692.462251","No"
"0x2cf3808d5d3346acf8b013e43128b34eba828b45","45398560.0412965","No"
"0xbdd20fb4decbb7e50d7be3e2f0febafe04fdf303","52949116.0652285","No"
"0x5dd41598aa2ab5e555442d3299bdab2628713ccc","66098665.7493533","No"
"0x3c577b3005308893382a78b656a135869c41194e","56.450697535","No"
"0xeb5398674d250b1043f07dd0e9a00a0f460afcfe","179.899527552","No"
"0x42c156ca9c0935522c88532ebff9bf3087ea1428","21849.104781586","No"
"0xa88af3148e754b3bb292f86b2e1fac3cc308b5c2","4821362433.43286","No"
"0xab45a2b082fbef8c294eb8a5b91190efa1641b97","361985810.610862","No"
"0xfc689e57965f0ba8dbb45a2d2cf8a3a40f284639","136945124.308725","No"
"0xc5401688a49f97fb59af30906ed721de0ae7c335","1.059325503","No"
"0x624c85b76c1b3d7418e0c18a569dbd265562dc46","1068.736688466","No"
"0x7cfaefb09a3d83102b1d4caa83a6f8a79c200e7d","357274075.68344","No"
"0xf2c8c1eba4bea0830279fd3b905797d687888fd0","14810252.1148522","No"
"0xbef7b768107f0ccde237c126d78009e3bc466d92","35706935.2270765","No"
"0x0570cbe6b49079c64f893e4ce724913b1a6fe0ea","8139128.80796548","No"
"0x223217a8f5eb7ea2cf7b5ce3c3def79b2c0263d3","78400125.4402007","No"
"0x15ed56296d6b19d513f9f5d02ce2fd87f08e4101","1650077220.71958","No"
"0x8e7aed000b9172c52d06fa2b5eda5f7e7dca4af4","180324077.911281","No"
"0x570f476454d706d8d94093c5ccccea4fd325b214","129883114.983289","No"
"0x78918eede93f388ce57790029c14951859d8cd23","1490058364.33374","No"
"0x6311b787f11bfa83099a0670a364d96e67286ebe","14973.237141553","No"
"0x7c521aa8147373e6caae29a6f526141478dcb0b4","5438866495.23774","No"
"0x8aa859181e15effe87538564712d77f7cc6f4e67","125422777.366777","No"
"0xda650149a9ec60cc145cf233d109569caa2dd1f8","1629.979200189","No"
"0x7330c7c03354e97a1046230b976550137988f601","11293158.2347952","No"
"0x2f7c96fc857f0aba8acad73b90762e97fcf1f24f","882469413.614458","No"
"0xf5de835ae2b1b1c21574a2defac3da07c2769878","2132700220.65862","No"
"0xa0bf2e1ac30e7703c4023891066851b624d7bbf4","78793824.1261072","No"
"0x7f96583b0052df7ef9c2ce0c0db6e1ac4ef135a9","109326953.641725","No"
"0xd337c9991c7a406e5302396a51f7d0fbbaa97fa8","12702472.6599468","No"
"0xd3a3d5a6f99cdd192a5709e5a3b693f287e78cf6","5165.188433533","No"
"0xdbc1ac078e32b35aee971e554c2ba2fc24cce7a8","9017705.88898648","No"
"0x983f6da0ddea578786f93b83b26eaf4c46080feb","3.184325336","No"
"0x2389dc1e169147cc416b890082e1ce113a8413c3","97793061.7925177","No"
"0xf1d2eaaa8d87562b24445efbbecc83793e45c9c1","71790774.2172053","No"
"0x8d848700dc650007df414714f03dd096ef43560f","68437368.1150275","No"
"0x87f372347f08236a7b59003cd385069fdb6c00f4","1869606512.19966","No"
"0x72dcaedf9c5191cbc24c75d29c68142079693ab9","166470750.009132","No"
"0xf065fe5816ee62f1fdebb02a43e45efd220c5d89","99434512.7066027","No"
"0x49ba7af3902f10b1f32c1d18f634b899a2fd4174","3402.611977819","No"
"0x2dbe3f1f55bc06569c400e9700854766a2ed2544","29068.173984354","No"
"0xdbd3357f4fec0b38ab5513b0685fcc914d9f2663","802715541.894541","No"
"0xa1e7cab73c09479ae60be77e85c99171ba073b9b","100306450.255046","No"
"0x6780dddf7eb2c4220e547c402618e9fbf5f19eb7","35292.922755526","No"
"0x34de0b4763ba25081452476dc93bfde6fb195a18","170003696.695033","No"
"0x62b461d86982553bf1bfef485b6f65c0e241cff1","1120309153.23139","No"
"0x3b47629ce2cb538eac533528258d109347586ba9","377128769.248405","No"
"0x4de16d3a49f2cba5844f21d2d8feeea7ec66db80","14717.097738217","No"
"0x836fb6dc578f9961b1e28b430560c95e2d6bd6ac","49355107.6986605","No"
"0xfe4b9e47169810cffb5266f68708877d63a9142c","117284195.462606","No"
"0x5f95676b10104d45a6e829198675a26f3016256e","200001050.720377","No"
"0x6f2afefda2a3e8a749d817cb507480016e892728","4150.032631638","No"
"0xf6479b5bd0590bb7e07adabcb69434236252303d","14415002.2948344","No"
"0x76621c5f45d63f5f818ce652b9ba7f6f26979370","41135981.6634645","No"
"0x906c4904b2f7a50d44c531fe6e8499a577b64bfb","10891397.5411387","No"
"0xbd6ea441c31c38f4cfa3d84e5d74ad9f4187e720","120252805.897902","No"
"0x2df18b0861af785115b58fb684516c6fb9754b36","499133663.741616","No"
"0x33c27faf5e966efe2bed3bb03b18ba28a9538dac","208948678.18486","No"
"0xe0b0e321f5f985fc5836a5c7e8f60c5c71daa9e3","176400635.042286","No"
"0xb84224a645adbed0f98aebd13e1b2030d722e36b","34551265434.8379","No"
"0x947468ca93bb2e3297bb5388f29564ac7ff08fa0","66960.189325128","No"
"0xfcf007512aff2ebbde0277ff8e2f33895fe0d33f","67.039504422","No"
"0x8be513f21325b7f4639a1d76ff61112497f39381","798.704014257","No"
"0x400cbf0e1705fed13efb376e839d78e3684caf67","367419517.0904","No"
"0xbe349c211630fe22bcbdd84bc0fd571f14a03ce1","9800001.96000039","No"
"0x9c7b811aab7d266a1626e18590f913fc1332c107","145229293.24459","No"
"0x0d404846cd974f48ebcbebab34b043ff477ea1bf","11201.380468462","No"
"0xbd1541cc16e42526aac04c87cd10f278d7c94a50","8920.147097977","No"
"0x1cd4ea1eae0c11a20627982858690989d4cdb377","9713.345639103","No"
"0x7984859765362c5c51e5fd15cf95ea7aa567fe8d","195.611783124","No"
"0x0d5d7a0f5b4ebd6d3f40b323634368656b026c1f","14088.730970185","No"
"0x3e48ef86f3909e9e808f7c626743b87d5df267a6","70732809.6114245","No"
"0x9308e6b3fba9e7216a62b1fb023385dae8f083de","301.405593056","No"
"0x7db53b9f533187e04f02fe6e29083cb1dcb071f3","162359261.030261","No"
"0xc745f792ff28759b92145c352e59a94d079c19f4","89.829754721","No"
"0x78780ab58a912c5898feb4dab5bc0615c88ab3b3","131357281.102885","No"
"0xab0422a1535f77761b4afe5cab0b0cf147010721","150697100.175479","No"
"0xa91f5c70dac36f71d0b01e6a173c325eaa8eaad0","603.647607978","No"
"0xd36ab01f0816544d6446fe30ff1f59c3a6e2b378","5311.408848616","No"
"0xf30217cacb730055e2597a0114498c75a34dd535","82446176.7790049","No"
"0x42d28b4a594e1621dfbd9c04fcb83322c2efb0e1","14476.359680646","No"
"0x638c47988b37f36fccfbed602ab2934cd9f41746","1.000013074","No"
"0xdebbf78d343be8a0d02080ee57a7bf2ad19b56ae","430.198687064","No"
"0x82af42867aa207810e1501daa797d70f145ee881","62144677.7060363","No"
"0x01430780efc4cae9ccc5398fe4bd2d08c4866216","334620.255821664","No"
"0x2e7659a07020a487df6ed94ccacec937f69f221f","70504791.3432811","No"
"0xf7e1c7f10b970de09aba41b97eccdc91cf94d0d0","839254881.945696","No"
"0x00000000f515b28e81a0e98ea3f4f816ef7e62b2","1E-09","No"
"0x83a2663accc0d4c3d8e465c66ac360f9a99c3827","20824.231511227","No"
"0x63db1c9bed665f394e6e5619e99c3dc244198516","40762023.5129912","No"
"0x864a5b4c0a0c20ca8485a9119e446df76206cf80","696985342.574679","No"
"0x2f49809dd50e148ae2dc451beb9970541cc79974","29400017.6400106","No"
"0x019135ff59644cf3d8b058fdfcfb7f6ab41e25d2","1202.307761851","No"
"0x21534040e253a24221f1f7c74e62b431a00ddf67","178978156.928835","No"
"0x27b625c52109ad6a96da8644b14d55368ea9bce1","2953.173807624","No"
"0x0a5cf3198a4a1ed0a85d81b6f2bd703226876aaa","30104176.906399","No"
"0x673ded5d6c907ac6407e922961eeb4cd41d0db75","1042.776832545","No"
"0xa4146769c7cee0787777e5a7c4459c45c336912b","124447515.651012","No"
"0xe463201f9df06da0e50b7b86bc61420d15fe764f","4028.570519894","No"
"0x86f6d0246912f87d9f0126ac569b67cebe87c028","104.65963634","No"
"0xd586385a731e921b534478e103392606e4dda19a","984.343768048","No"
"0xeb8ad639c60d7d9f760d4d13130bf1c64f709ea7","102342806.937251","No"
"0x097c64faef109e19ec6a0d6b2d4240eb38a9d260","2317.184001622","No"
"0x1aea83d4b50be7ffa9ca0110216b6fe3bd321de9","70051559.8093979","No"
"0x0fa5210b20287de165130acdfeb3e9ed400202f7","35056555.6511585","No"
"0x8e266a9739bf3709e2410037cf20dfa7c4d9306c","1287291788.22428","No"
"0xca6b0fe50129368de8a3ddb5695ee06ac43618a8","107655882.266417","No"
"0xea9fac8e12a0864ad1c28bf7c6eb46bc3668c802","10376.957301321","No"
"0xd4ec7bf80553195136108ea1ca2c37998f246f7b","10012300.8662346","No"
"0x6b19cab96454997fd01f49b6b8519e95de942fb7","22191.748467488","No"
"0x7a216c9590be702653fb8b01db027af4d22a93c2","80891275.2730293","No"
"0xfe87eff4d9e26f8cca8471a9799c5a6bc8a93939","79854422.4603487","No"
"0x4de9403c98b2dacf252bd5277a286499904754e0","32354729.7804259","No"
"0x7f5e9697d8b6f8ac66e4a141084822192de8b5d5","57409176.5048909","No"
"0xd85af04749a774fc667be2c91efce9eaf9e30c15","88946395.7755477","No"
"0xbae44784ef87c0b6060e3f8cfa5dc751bed18ff6","32.13997264","No"
"0x1dfd71947d9959dbe5ec7a6b88b1d6a7bfb234ad","178080850.960639","No"
"0x201a61a23262c6392670ad378643d205fbb2de22","1258641103.88784","No"
"0x5df21200d9da2ce6f2be46ed5f0c37f551cd0338","234238677.090036","No"
"0x4f05b00e60ee1cacc56d0aadda60270ef6c27ce7","0.986637664","No"
"0xdfd03f7288f3c70a9ebbecb77508cec5e6ab869c","634264635.940039","No"
"0xedaac32938b520747522a711d663d21747d979bc","73278048.0924196","No"
"0x721760722b357e68c4b416b1f6a2cfd67c73679a","2388.061914801","No"
"0xbad9e1b96162169d07e9ad352d28a2f66f9c5bd5","2872.409844005","No"
"0xe95159eb9dbc533b9b4247d8ac394e92faf8730d","292146579.231672","No"
"0x6498bd3467ac83b922db39905b1b438e1faceeb7","1534841.86693132","No"
"0xab209f4bf8d748ac4d019ab015a8f83c826c5c6a","886095431.079528","No"
"0xf9f8a58e1af41048e573e35a3be76752e441435e","10274641.4935549","No"
"0xb0b53c64950a283373626b64ef4a251188da420e","132455917.154673","No"
"0x8f7efc02a9d54aed642fa44b4d03be0b2bc226c5","6.147492518","No"
"0xaf63977a00d25a301c21d4ad076bc10da23f6f63","3473990.56743379","No"
"0xc031e7cc4c73011848e6923a9a0cac35ea0c81f4","7783.52010552","No"
"0x49c9d4724b6509882c722dcf905ebe4615cbb2d4","902304798.867876","No"
"0x799846cb378ee3e63233358944b481bc3f7d4713","600999121.486816","No"
"0x83d7e2063beaa75927e68c011d661c6bea85c214","68497703.4145421","No"
"0xe7420b8cc31930a7c478d63b8c2043465449adec","10059.38046472","No"
"0xa6e863c28e32edb31a5b736ece9c76ca407a194e","353189145.887674","No"
"0x6f08eb03ff5525bea085052bc377fd49ddd62b8b","369376334.896591","No"
"0x926fb7014230eae94dac620c07dec0daf1610dcf","9800001.96000039","No"
"0xcc339f0b6ef7a51a22242b99d5b251163e5870eb","10946.878969663","No"
"0x38ddc9568c354cf0efdcb1415a513cc59e84b8b5","46219264.4418467","No"
"0xa11e1686e148f2a1814a25ba14bcca99de74c7ee","1039417522.32023","No"
"0xa028a11e230d61f700c95e85289f616c5ceb434b","123234139.76416","No"
"0x25786f17176f7c877df9877db2afe8c2b129b6e8","460666083.535136","No"
"0x00202bb07b16b3395426dcbdcc81bb487db579f6","225838048.070701","No"
"0xddcb1b25e5c88216bce9c4d94ffdf9f67d06dc74","3557848070.73839","No"
"0x8ccda2a7d4acbb099da8b74adead429c991e9332","39877204.4856923","No"
"0x002988e37d1237bd7c71b8b09ef1d497d3ad67c5","88500815.63956","No"
"0x62fe7efe0f3b58d93a3de3063937409372a83686","14067.367904487","No"
"0xbfbcbcace213466432571579c47b7e9d636c6054","107768245.322173","No"
"0x502913dbe066da5d73427ae1e18e26022c600e6a","147417899.633472","No"
"0xee4c0c8df9480bbb1abe42397c05bef8243471d6","40728.026006305","No"
"0xaf9479590c36ed58c101e7a4d56553722d5e8df2","490004900.049001","No"
"0x6e882953d97826937b4965770833ec5c69a86c88","45579664.9371079","No"
"0xbdbc74b503195b606f549a563fc77d2390a9e9ff","49000049.000049","No"
"0x5af7bceda28794b31913b40df516496c59f7cfc3","173.625994425","No"
"0xcb9eb55d7e320cb3450e3ec622e6db7dad254919","989887962.937061","No"
"0x6053be120ffaa27fa6cf2185a823f0d8d2f1c2e4","67372366.7508582","No"
"0x29b0e3bdcbb5113ade746f6ab77909b5a774e546","14700004.4100013","No"
"0xb39c1f756e0342ceb157431db51821c86ab05c8d","9880949.99251333","No"
"0xbe003ff329fc8ff9a9c8311c674c8b27cccb170b","104197716.568256","No"
"0xaec94b80058ae7884fa271efba76522aee6b9f90","9516603.75368894","No"
"0xf76350a77a2b2a34395d3f50dd5c1f4ea2e7d6da","2455467892.02557","No"
"0xb6365e4e7ac6fda5dc8e0ca0bb6e8cb6717f3db3","173690739.666783","No"
"0x871377d5e482cf743cad15fe3bb68bfd3c837ae7","58964808.3192223","No"
"0xee79b57bbea51a3f8247accdc2d6a8f84ce2ea97","67099070.6415146","No"
"0xe926c1f469cf91ce84f174e59509fe3f1dc0e304","17553652.0780536","No"
"0xdb6a0ac6b47cd224fb1329988f38928791ea74c3","62135664.6807407","No"
"0xc571bec7e86a1bfe27e721132bc329a60a009c73","197.373100278","No"
"0x52662d6854f173eb3197cc3c7dd141dad613ffd8","121016684.926768","No"
"0x373e9328ad2a9b1dd0aba0a6c9331433090a0d89","14381007.6020619","No"
"0x8f92cfceb9a004c940f261bd66777a646c27b9a5","14366.137690309","No"
"0xaa95bcde923a42204de9e42317df6b4d1dd44cef","715.782831491","No"
"0x8d6c1e389b6f44fbc870f23d1ff76f86006e8c25","255031438.881312","No"
"0xa5c6d64d9662345f953fd296f10f14aea4cda8e6","444760689.40122","No"
"0x29aced2f5b9b6ea706a55fe7240dbd5e58c71c1f","171189485.590916","No"
"0xda1a473f62bc23eb427d4974401bf931558314ef","395513874.268055","No"
"0xb06199db17c4d49ad2e296637143e3922e9ffdb1","98000196.000392","No"
"0xfb687199f8bad49976f28e9731a0321ee5df1a8f","122084141.531451","No"
"0x0de211a51e1ff6cd504e714c6ac4ccde5511132b","47395935.8813512","No"
"0x1e76a3e3d9ffa3a14b373db8bdefadff9f07faee","127400331.240861","No"
"0x93282afd1c97d821f3806a80b41d34da851030ff","3029.574802226","No"
"0xa3921c4d46528545ad2da9de90d59073b164c6be","95243374.2269981","No"
"0x471b68f6b2bd5dfc2f4f0244fb9a5e1a77eb2aea","169170717.336262","No"
"0xd6ab3210442765d0bd806db6643da28d307eb422","896.75124146","No"
"0xc3d10afbebd4dd9c56a7cb980fde977d048ff8ce","10091.308192737","No"
"0x96441c4c08d226d70d9082915682aa9385ef509a","14608.19114483","No"
"0x9434861e7f349c638a1255732a1366fc3ebcc1d7","1529247758.34833","No"
"0xe139962e5d7b07a9378f159a4a1b7cabe9df1d6e","1189456.46608474","No"
"0x48419aa0c7f4c837ceea1fc7d8b9110f264f8e67","142579254.5748","No"
"0xb6eccef878a7fcc82fe31b5b55b9481c663261f6","34276917.0992244","No"
"0x3d27da3baee6ea47df217b96f00f4ecc56a6c379","1741.308705149","No"
"0xe8c8eab7617f6ee168577498562c7ceff762113d","60978.883546818","No"
"0x9c3dcef233fb1f1a365717abb1ccbff3bc7c5486","169440409.910286","No"
"0x6f469f254b1df55e6c14a1a9fe77ad90ee7fff0c","55116507.8285798","No"
"0xf83b31e83e55011f1b6a146eb327110930d49af3","462.577735362","No"
"0xc15b2dcec848b25aaf2a3ea89d2ea272febca8b7","546.332235884","No"
"0x93f6faab00e4451cc147accaa04daeea1613d78a","22807.453817239","No"
"0x71cb682a3c8711962a22b8898f431c574ed5d6f9","608566389.316674","No"
"0xb4a712f3bc797a193dc0d724fc16801cb7c24b3c","59404538.9730653","No"
"0x04c87535fdd3ea79c16278d84fb96fcdca2d1639","111484075.91434","No"
"0x2a1b09ab7c67108fcf915add4a380047396c0926","827.663420654","No"
"0x7044ea01629a5694e741ede135f9d7d4b6812d6a","56464171.33488","No"
"0xb292e547839ecf771cfa24ec26aca72ba1571c40","1023014481.14053","No"
"0xcf92ffb816f65c8eed8bfd571e9c3eaed5180dbd","39081294.1987062","No"
"0x5ef30b72ef2b5d34ec94815fffdbd2f0494658a1","338.030355826","No"
"0x572a76b6384cdc76c60869b161c4c3d9a580c453","157.786059685","No"
"0x28dd3d836d21a54bb0fc558724f04f702deef718","53609201.6286869","No"
"0xd84cd30cceea61e6d14d97bdaf22e0a8c55fcf1a","53858301.970357","No"
"0x1bf4423d76aa9fc3acaa97ca416602817e90ae7e","50585836.6888524","No"
"0xc4e0f3776136c058822db2d7584ab561eb2ce502","200.900272574","No"
"0x35c046f6e81dc1bf3a3730bfb8206c1ee6333ff4","16238957.0244507","No"
"0x53d8d8b45d36b8f75127514c0d1e7a564f16b423","76532556.7733589","No"
"0x6b9bf47e5fd8c680a9c96345e0a6605906bcce1e","16115029.9949275","No"
"0xe0d65e3741f1beea47cdf6a5a60cf9ef9fb8411b","6300193385.53313","No"
"0xf0e0304c3254f471247a580ce90f309d32e83e2a","821.210115917","No"
"0xa43930bc6aac86840aa88ca70a8c62defae09ee2","265606722.798631","No"
"0x027cedcef2fcff104449da393c31340d79d23567","15306278.594905","No"
"0xcb7cfbe354513c510c422e01c62b89725603cb96","42186.568066995","No"
"0x21747a796f85499933f3ef53963a3507dd2e9192","49000049.000049","No"
"0xd79a1592a43493502e4d525c3dcfec4bbe5576bd","245001225.006125","No"
"0x9d6af453634c0acb829287d786e0cc96a5c90895","13780908.3403216","No"
"0x51f84df9585e43ea3ea54f2fecaa5a10e1976867","231601094.344183","No"
"0x526ff632005652a47ed765a6ffb5847a5b644110","31080.195441022","No"
"0x88adc97b653350c49017ebd3be968043acea65ed","210326240.902132","No"
"0x3412261d91dce71b0e4f7d853c06b04f16b55850","73072644.3515228","No"
"0x132b4c4a5309d29cd4f19b2d3ae1183933819a45","5670692.5323483","No"
"0x4e9a4099c46c53a4d66bad555a324967886b9831","134705.812106137","No"
"0xc84d6122af01d8963b52423ddc85ccc357cf2325","20859700.3474173","No"
"0xa9dd7d107b60cb9326e6ea709e67cf210cbb4e05","88243356.6435438","No"
"0x851c2f9af9a0445cbba76e68e65d72cb43c00f84","496261687.983699","No"
"0xb3660d9c0a0a3fccb93f3bff37d686b9afce77ed","1795.335803827","No"
"0x728e672fff54b2731cb91ab78da4d90f39b81377","6164.792502921","No"
"0x4e8a511f117c80b97db153fd0adf77986078e175","98000313.2420271","No"
"0xdf088a42fb3732f3278547429b62c9609337f669","305832513.318523","No"
"0x656aaa8ee9f36a13eb4905c733a9fa13ad2b1f3a","70940689.6720273","No"
"0x3f2bb16364f3a0ae7008d8f9b7e2bbaf52891282","54963965.9376347","No"
"0xffd6e39dee1a009fb1ef269fac8931780d002cb0","129443006.420961","No"
"0x71358c603136a75bb96d1730832ad6ee27f016ba","1004170195.54055","No"
"0xef4791a62664eaec39c6792399295cc63dab4cb6","197298.080881933","No"
"0x048788d0be73cf94dfa6e7e118b267528bba301b","50000971.6033359","No"
"0x61859c56fde601ff6dd2bbf77357c545a3907606","885336478.637202","No"
"0x1ae7955d52c2f4e372c63aa181529c45db97e59e","196010208.173945","No"
"0x212ca85eac7c1b880059ca6c9265b84d94ff723d","46347.008985687","No"
"0xb6cbe18af2adb6db54825c6d69da25dab0e5717d","101752467.834198","No"
"0xd78477e854f8ac723483172283239b18b9c1bc9b","134787622.409647","No"
"0x9821010bd1bcc39d879a36ce992a81ec71be2390","2551879051.93062","No"
"0x490e79c88bf5812aaad4ffe7afac0eb01d2eb536","51317622.7961053","No"
"0x1165cac5d75c5440561b15aaeb4275c127825edf","131445042.127597","No"
"0x8452f05f548a32fa01b841883c54e17bd3d8b4c3","61412788.7358422","No"
"0x1aeb5cfbe36afb4efdaddf7f4010b557102e3439","14513590.211366","No"
"0x0b17934413c98a45a31abc17a28bc7918371ae3a","63467912.1177227","No"
"0xbc0c36d50f80c6506a26477cbf53869931726f15","914026399.221216","No"
"0x544f3967e5b251ed271ed75b19d0fbaa0dade4a1","15578683.9212843","No"
"0xa423e1d121423653da04b2b204e5c61eff04b57f","52659304.0156868","No"
"0x3154c1941ea21a7ed5fbf1142077934755a9edaf","1481.186608244","No"
"0x2f3d53140b22a795ccd96584863dc7d99a7f5a1d","80246544.0743664","No"
"0x935cff6be107b19b71df033f0e7051fd57cf446e","20818062.2643474","No"
"0x2e0c2107434636dc294697c41e5d92788aecfdae","196000784.003136","No"
"0x8924b67270af26f1157efdd8b1229f468f9b7623","1825304566.38226","No"
"0x8fba4298e7b3c51cf59233527d013af9c37d39e9","5450315.45722033","No"
"0x42cf50216bb1f85233c76a1f9a422ab6cfbb1fa0","9259.63066146","No"
"0x99c5ed73841f0d652d56e5616e4b2db6996c9707","111901261.219376","No"
"0xd6cfd6a89f477937f7d8f51ce02a0c2d66808f8b","10697578.2281097","No"
"0xacf9da14b9e25123791907f2c29f6137b29f1833","13673161.2840643","No"
"0x770854315c7f1af891f097f98dcf6f3a5f1fbf5f","21099679.192605","No"
"0x1c5bb313e3337a4b01b789cfef5d833d9158d80a","15800489.0454028","No"
"0x1ac51177ea6f6ecd4f1d81fbdfa5f5f1c30eb9a0","22562052.836102","No"
"0xd4490ab39a3c2009f62daca351b1a06c65e1476e","1086215.43949511","No"
"0x8028741df63e96e071425fb3c0fa60504a0d2081","108793.521228567","No"
"0x52d05e7e5fb9f5e1b064bfa63d37885cf67e9a7c","29602470.2453829","No"
"0x31327a09153cc850a9e36bd62bdfc4e8a62d3814","27440030.2325428","No"
"0xa3c288db08ea06b205f2bc4a54cd38fdc04c4fcc","90160165.8947053","No"
"0x6cdc6f6c5629405db4fac0c74e56683a35576916","29400017.6400106","No"
"0x74c7fdd64eb6bbde0d32fa90bce7a2474e265e27","13955493.3926451","No"
"0xa2f482deb3fd03e83b9d579b5592ec89e8438837","19695.16125813","No"
"0xf3ff4a05bf9870ac8c669a4aad2da8ec93334e8f","17844134.3273142","No"
"0xf905c49a0c6de809421d282800aa171a618b4cad","391234406.969419","No"
"0x91253eaf59190dc9423878f1c6edf179acfdee31","107065233.937536","No"
"0x9aa4097b6f60fe33d307b4c93ed8208dfda6f4ce","33652509.4456338","No"
"0x9a080c9254df3aa4441178bdd7acf4ad152ea34e","22183151.8564878","No"
"0x2fe5b3e5e1e72a6aafac440ee6a3a0db63fd8391","44232985.180069","No"
"0xecefd545b57755660d5c0621a392cf9d40450e22","72642715.3854915","No"
"0xc3226e0fcc855c13edc86f615066fbc292c38c67","256.596661826","No"
"0x51b053a7c148cef162ec8c25f519ea3a18e3bb91","44056132.3158558","No"
"0x9d5a51f62409295b2077026f0142ca3819fbfb4f","131118069.15278","No"
"0x6d1c351266192df11daba2bd16599793aa898f69","19215.744910903","No"
"0x729b7335dad7fc074e186acbae13a1abae5beacf","79040576.3196546","No"
"0x90d9f88b901cf0b282bafaacbcca9be09d3cee69","1404286569.38798","No"
"0xb5aceafbcf35877581633ea717ffe8314080e199","123068242.486871","No"
"0xc899e1ff4f2c447d3994cea8530cfb8934397f04","35625473.9812222","No"
"0xd03e3e767fae065b41fccbfa0dfb3c538cf2b484","8926198.43765439","No"
"0x54e350e9ee47f4c535c6d274bc3e5129728af137","17809340.5612436","No"
"0x67d0a5733bc035bdb81fc16fc76df21a89228172","3932.175026462","No"
"0xa8009b9d3cb2b1a1563afcb6aab87ff6c27af018","136503684.064562","No"
"0xd29ea96b4ee96427d2688f68563353556d0e093d","126423849.919698","No"
"0xb5b4c38da2fbba38add10ad50a4dffe61103dbf8","136208362.858428","No"
"0xd11a38d7511f5278f7a3f52290788066704c6df4","192874456.395145","No"
"0xf001a20426f1f4a632f0ae7c1eb0fe659ba38431","88041859.6238644","No"
"0xccee88812bea9ba2820afa1737e25771988d57d1","875.306856532","No"
"0x8f16ebd5a0aad789d6f8c93a888ae997e88f2e08","128696023.010054","No"
"0xff684a0ffccb954f751d3254faf0c53d218dfc87","378623330.539482","No"
"0x57b39b960e1f420977be584fec2b9310a136d627","73500110.2501654","No"
"0xcce127a4ff880ed4f94d78d12feda1e5ae24b43e","395876514.161777","No"
"0xf487a724356856aa2fa74403e20953f0552cfd88","79556675.1514457","No"
"0xb685a5f2f362d124692cfa98287abe2902d2691a","50297627.7551074","No"
"0xaada02ff37d862eaecfd32d6900275aeb4053924","87753855.4804637","No"
"0xd55022d35f397d3c59a8f5b09503ce82148f8fdf","56659368.3562204","No"
"0xd88cde86eb7053d286605f6289543cb9e1f1d3a0","20580008.6436036","No"
"0x587a8976cf99c6e0c315cdc4d5b6547164cd77da","20232691.0352622","No"
"0xf05191a17e7ec08d26790190b4f1fed73cbb88fb","10.490018937","No"
"0x2ea8a0fb1a376b91cc53ff94a30787e86a8187fe","64753871.41835","No"
"0xae5b10475ef8f05b15a06a8703214de1b77b5676","13494769.4996245","No"
"0x945acc5f87a4757e8766daac4d2ea58951e3ed5a","229697461.843592","No"
"0x998d9f4bcb5d140019a94257880863152a158c6c","35381699.2009728","No"
"0x866d058f2ce9da04138227f1e8d06c3f3e5604af","160804795.239239","No"
"0x7c9f48726a206bbc9fc0f8c25d9e50c819298476","94041988.4071955","No"
"0x92a7bd65c8b2a9c9d98be8eaa92de46d1fbdefaf","25000012.9898667","No"
"0x3fd67c3b71b4b9161fd61fab317513a510ccd888","135890270.975315","No"
"0x08de067941c864bef728beadb4c9987ce8ff4ef4","12363855.258945","No"
"0xdbfa712fe97248ba51ff73eea1234be1a6b0687d","47258196.7005103","No"
"0xf3018011ca7669609a03e9c5cc88e4fd115c46d3","6683237.43673277","No"
"0x5985a9ca3dd94715df0c423249012f51d4b467c5","44452497.9503846","No"
"0x91aa1e4023923b67b0f86e5e6d8fcaadf0e92c5c","176047263.116442","No"
"0x5c2d243a6bb79e98d75e06a0011bc8846d80e136","86978954.994433","No"
"0x1d07dd56b2660e4136618ef5d654ad61e376ff98","144534411.139946","No"
"0x4b84a04b6c0304a332f73aa5bd48b955edaa2431","99253679.0067915","No"
"0x0c88e285c5d3232f4901dbcb0bdedc3213efb4f7","0.42681417","No"
"0x1f68aaf4edb396186b574eed8115c66435160aa1","129976.881167016","No"
"0x4b1d8bf04bd6bc2ce29054801705a23a1d01eed9","287222482.981072","No"
"0x42db4d2b5b4ad74a44fda49f24dbbfedfad0496f","13602.447979804","No"
"0x582dc1ff50f9d25ec623626c9a22aba1c1265001","138932801.793594","No"
"0xc32edf059007e5169f22e8cc7840f32a52b2dc39","101776091.7238","No"
"0x08c1748d2f40fb552c30956ef0507b22074cd789","30160038.8251417","No"
"0x4f60448ef73fb7f83d5b33c14f2f24d7e85ba304","37575275.0151643","No"
"0x99bb3ce67c176945fb83394db49292ca9f3535e7","18744083.2734474","No"
"0xdd0c440e3d8ac8a3e5a0a8ba5fe9ddb6157422e3","1161182436.45646","No"
"0xd1f0dc12dc5ad8fa587189bebd70f59c3d01d422","234206756.347987","No"
"0xb12db6b861f63d5c8f4d9c06c2b4e0f6b22bb37b","106840378.97945","No"
"0x92baa9ef13748472329d203c32ea16312f7ec9fb","39323074.8714743","No"
"0x305863914d75300e0d802845bf8933c3bbccb90d","42817618.3940486","No"
"0xfa9216db3302c92e32ea65127f51afd66747e897","47527146.8344596","No"
"0x880769ef3b491ace6779d90f97e3d3297fa5c027","80145368.403676","No"
"0x3dc0baa01a101e0400492d82966e843bdead103f","36014644.2163491","No"
"0x3465078141c54c71c92b4b92cfb8fd84a43ca897","88631114.0593126","No"
"0x5ad5698d18b79e035be4ae5fceafc1cb94464e9a","1709235.40506434","No"
"0x7f1a95ac5af8fca1533f2f7319f7795a95d4223b","131166771.506354","No"
"0x2f51338469a1774cc7c047e87e7a07d66212e53b","28281615.7335063","No"
"0x51b8e5061fd7e2c7bc725e9241e76bee7c4e5311","322017875.755558","No"
"0x175f579b37c7dbdced4b1575a64fd90467a92490","16643307.981267","No"
"0x24110e1ded794972687fef73211286c98cf17d64","33200421.601008","No"
"0x9ab1af0f1dd48c8c27b977ce62b67427058646b1","212499734.303761","No"
"0xe74453c5eb3cd12b0e81a5894a19a8e4b65d8976","96821128.3435417","No"
"0xd699faf9086456b4723d6719da1e315e6a93d6a5","315037301.27271","No"
"0xf67b70692520f26b90c458df306218b6b7a4fd92","3022.710934115","No"
"0xeb22e3089bcfd4a59d741431f989f9b8a39553dd","18950423.4624775","No"
"0x7828ba60c25c71be40827f7e8d7527a90de86075","68283548.2802389","No"
"0xc42e4362d369bec8be82b5cba57ed4b47207a0d0","233473947.875194","No"
"0x8df27dcdec79abea690f41f432f19263fc58c53d","140513444.099381","No"
"0xbf36a547f30e20b4ef3fa884581535a94c956164","158261535.740433","No"
"0xa1d0ea0969902823bd996ac331dff8e6ef7e6bb4","132255991.055783","No"
"0xac0895d7e896cb43fa9fed4a53d4de1368420b68","59767544.9689271","No"
"0x824c4558ce2d5da2f959affd1fed5850d5bd57c8","19849903.3871383","No"
"0x20494ed19ab7927237519da482203c1c93d843b6","210796075.230171","No"
"0x2103f91ccb17be1ef950908963087f2b1b51c178","16585.094544143","No"
"0x3f363587db0da07b7eb2d068918543b0a112afaa","114660268.305028","No"
"0x3b5465ccd4d8d8eaa10343e1d6bb3cacc31fa369","40413596.4942869","No"
"0x904776ba0f950810521bc1d860b56f62815cdba4","64441.03429642","No"
"0x3a4253d427763f94616d8bbf7d4d0483adf0f29f","12278824.1784367","No"
"0xb80ad33fbbd0dc31a5d87b734399ae96eef93c48","188373387.379949","No"
"0xa0a873a16e2538ad5f98f52434184bedca71193f","77248046.8018386","No"
"0x36eb3561c9b6122a8f618098d71378c1845bdb3a","2705.327062937","No"
"0xcbc44e0850fa7819184bfe379bc46f3c84fcf468","28293466.318741","No"
"0x689a712abac0e0611d494406a88144e27c571720","10408455.0136636","No"
"0xdcdbf89e79365a88f51732773f47e987e7a8991e","126375.510185427","No"
"0x3b95ecc3427184d06e838e7036cdf8447aea010a","7671357.59042972","No"
"0x1f3a9fc2659fce4c7802b54925c0ab404c5ed5a5","73798935.5979891","No"
"0x4f5770cc4919ce1f18d6ea143a38d9718a07ec96","163092983.176152","No"
"0x27cbd21059968ea327e5f1b7136354d7bdf2d589","1026.77230102","No"
"0xb595f168e548521d1c54df510dc720b499f83e77","980.000985786","No"
"0x32551dd4aa91d00e17a5d34731ecedb16d9a4921","49288365.5783783","No"
"0x440269735284755b9c2a952afc11ac14a0897711","92501624.4840143","No"
"0x90147c7ccdf01356fe7217ce421ad0b99993423f","96385732.7479369","No"
"0xe1e3715ea8f7a5c8e49762ad5d57a92bfb1dcf8b","24020831.5353014","No"
"0x0713d8972c619a0254907ad7fb95d48526aa4e65","174029146.942108","No"
"0x2b1b65306e3de775fd1fa3c2a26fd25718f3db45","7885359.5197614","No"
"0x97ee4ed562c7ed22f4ff7dc3fc4a24b5f0b9627e","135784169.05916","No"
"0xd6c3f1a3a2a454260db1d1dc4572f4dd232b9f5c","100.365572369","No"
"0x225a577a899267d136bfeae163c8cdaa24ba2236","15886965.9810722","No"
"0x50fcbd69130c1c4696ff6a09c6a8551b5f5a8038","88297462.9445492","No"
"0xe1a1c19c70b4abc837b8be558a9fc14160797be3","193844766.849898","No"
"0xc657c64836e04046c09d8fa21540b6b57c77413f","1410394.92071742","No"
"0xd373adfa88794270fd03aa489e31385f8bab76f2","9021227.36990492","No"
"0x004cb8caf98bd224a416063ae87e22051ea2b618","980000.509600255","No"
"0x02cea83646d38cd45e83b9dd51e34861154f5b42","709.586477848","No"
"0x5cc2f9c7a3a42d9048a31c87a53335194d949f47","2189243463.7625","No"
"0x3a4f5b3ceed08e1e60439715d448f8fbb6f96598","121416923.402277","No"
"0xf8662e521dd7ecff69d0315be286bd2e60b2ddc7","8837203.60122001","No"
"0x442a424c09b7219dae1810448b2e0330e6c2f0d9","8025985.70265764","No"
"0xf9113391d0e8a7c7bf787ef71448edf88de1be7c","68280424.1644523","No"
"0x03cce808bb4bedda5de9a129606c9175c58c35a9","17.167697326","No"
"0x4be0e32416f747d889e5fb07bbc0edb399d39890","73418945.1172518","No"
"0x193259a74241af8f6c8eac406784de637bb91b69","281631391.548162","No"
"0xe900624d913cd6df311b35845c324d47b5092349","367502756.270672","No"
"0x5d3643531b8881f186844f9b48619a86ea8d07de","55501134.0514259","No"
"0x3309ddbfe50884fe971458ce324ac080c09b35fb","875238968.397456","No"
"0x3807cd340037912d166b1a8da69c794fc4af3c0b","199.455808043","No"
"0xdbd820cd9fd337201da5384d3e37858241dcc031","84764333.3343716","No"
"0x6bb014ad8bf2912d63621c2db22c8b2dee738193","74707203.2563628","No"
"0x52704ff79d529233740f264bbedab3a306a8c524","2449258.92846738","No"
"0xbd6a32a2953d4331e3e301c284e49c1d283a0283","30924725.6830364","No"
"0x6a77a71352f51df29d6cbfb3075a22f73c231da0","84542222.7724784","No"
"0xe72af99f7ce4d9f58b40cadc74646016e61738fd","450461005.687701","No"
"0x5561ad4ab992a9ed5e1b37bbef7eac729b6d6b17","2960.555535716","No"
"0xb6f90b51e2be8d6fb42907c1f90c33abe0027f4f","5947.677781735","No"
"0xc14750dcd2ac6256d420adf81bc30a99b2c20926","11331471.5186795","No"
"0x7e3778eb6e595bf22b4afc290a3aa8ca6d58c869","49000049.000049","No"
"0x5eeec4656d5883eec2f34715a5b2ee1d008dfbb8","6987.612260021","No"
"0xc335897bf510d13897b4d2355a7939ab17b08850","98000196.000392","No"
"0x5a25c4d4bb16deb64363b12bf2e88152dc524bce","13946.657283005","No"
"0xa6fb42508fad4b10c9ae5795c8f99705e6dfb318","56091.453769148","No"
"0xf1f9e24f8480a19060b1d1e7ddd86e4f85dc41bc","15860575.1128751","No"
"0x5e11e483459e201b02d63013e56d6aa5ab5e28aa","257.979583068","No"
"0x6e33bb02c76f0cd2ff553e00f203f19106dcae79","4158070.39002406","No"
"0x11a5d9ea3cc1ec3ba86ab28c7ff45a50f5e47ad2","9595830.92390264","No"
"0x0ef1ee692e75ad935f954f9c7f8b1e88182a2c32","643125.431399736","No"
"0x1391b6e8355d88d7aed5f131af286224a1945ff6","4573950.36875024","No"
"0x81c1c83c7f98161bb672aa31cb6cf9305d0b21ff","8884743.03700154","No"
"0x1b6c15056f4ff55a496277c73bb89d60a573f818","22168203.0631431","No"
"0xb75aaea5f4798bd692040bbd2d3305782e6463a5","21560009.4864042","No"
"0x53546aa318cdac4c5be3018865e11320f185c30d","393260364.839496","No"
"0xa456d397cb2be7d2048c59261c3cc4066bc786a9","68251493.9802723","No"
"0x41dc360daa78c6677cf90b35fcbcf5cd559cafce","12418313.730211","No"
"0x07ce9e5322ee2eea70f2ffd462ca269f906d9ea7","13254400.2557322","No"
"0x05ceb911f7b17139254438c682b72a9c49bc87d3","292322629.389302","No"
"0x0c31dca6170566ebc16c2da29b87c2e287bb44ad","896.278387545","No"
"0x2a4235e565061a51631a873c1124fa1fb0a0db0a","18059853.2047336","No"
"0xbaa5b7bc0ef6701a718033ed74d79831b460340f","51768245.4290728","No"
"0xee9ef129a5fac515ae27edd57d60c0c672932c21","117378182.625023","No"
"0xb21737d7b6efb9ac0ad7e516eb6e2acbaf77d0f5","25461.986947798","No"
"0xbed8532d0da18f3f0b0c4e044e5e38447b239e5b","980009.704815016","No"
"0x84071cec670ee72d328f0efcaa9eee29cc57f39e","239259611.8406","No"
"0x30c345b7ec4db14cfce747cc5c4659c98b9ec557","12910740.6229075","No"
"0x35a9554916f2a64c487fae9e794f18ec7d46951b","26817777.293506","No"
"0xc33de2cf3585dc77a1a9f938452db3792e4b0f47","3027.616840893","No"
"0x288fb59e73ce758adb0211a1f9cbfee7bd641db6","320.87830016","No"
"0xd07418d2c5c71d02ad9ebaa0fbee1c63bfd267cf","11710997.2528297","No"
"0xfd10903e8b238097e2fcb7bd0c99de3af08e0b9b","29125481.134415","No"
"0xa52136dc7618a8f6ba057ab9ece854e066d040ca","8267321.25519214","No"
"0xd086a744f93890447904a9fc2741df0d51acc459","31715197.2706496","No"
"0xa3355ebb350c8eee01ae6bbaec2b981f8ca7c6a3","2320649.57786962","No"
"0xf038e92c5ce4eda603ef0a797a3d7eda04af821a","132558653.634191","No"
"0x6154042c5f0c9084fc76b3380b7f315161b35144","9756.533657977","No"
"0xffda8e1961d9e55ece7dde23deb06ef7a5b53e4c","122746345.69841","No"
"0x34811b2848ae52f672fc2e6306fdf943b3415b6e","49000049.000049","No"
"0x29f6d8ac42598d722874b91334fc217f05d9f772","9616469.00971508","No"
"0x5f4ee8a130d978d58115f8b879cb69a11250fa98","184194812.281124","No"
"0xfacc0833a15db15f4a8855000b068d88815c3d0d","173293255.96572","No"
"0x7ce636860522bd7f6e3447cb7044fa504196cd59","9355298.41567474","No"
"0x8758853a0e4572bc8af840b7ea4d96e63ca4fafc","1231.692403983","No"
"0xc49030396d2f441a33eeb7039ea6206e020db7b9","738.027239685","No"
"0x675bbdf3995470fe1237e99ec2ff3b8fab86b90f","2859016.68277087","No"
"0x2827fdb73692164c3a317bb460e10964ad0681a1","38423739.574291","No"
"0xe811503034517c09f2ddc3f6864c6b33ac568364","5771321.70906493","No"
"0xabd8a94ba0f9dfad17893d120b8d19fe4e878760","109713994.541972","No"
"0x91c954cd171004ec40b691da24ff21e4df09f6a3","9139928.96282709","No"
"0x015940e7ac46702bf0a91dcb642a72160f2ef7c2","24042419.0369991","No"
"0xf4c03af8aa05a925560697dc6162af6bd0a1fa16","7347654.59243034","No"
"0x537881fdd3a1ba3b5d50724b821540f01c4e7fd0","60270062.7194106","No"
"0xa1e8e27e5191782f5ceff2bd43f7b36607d3efe2","109193073.872678","No"
"0x9d2a07be9405357eef69042b5c54120cd61b17cd","178354039.661819","No"
"0x02f665b3c8352c602430a41af018ab28a46e2680","1569.286976464","No"
"0x289df14db636c33adf3174a444bd8ccc1ecea616","151100569.05263","No"
"0x94e3be1105b25e160d7f15fd0fde2a046d198641","137533780.19389","No"
"0x83401c971ae7c1ec19646c99cfe6c6e2b9115781","175785166.700603","No"
"0x00d595cacb25e056e41d2654865f77eb538192de","8858001.72629122","No"
"0x9983a7ec07df40db2117f2077ffbba7a21fb576f","59298233.9814391","No"
"0xfa129f6905dfc523604f2846bdbec90e30c13a5f","98325891.0423334","No"
"0x6fe6079cdae9199b1ace8e89b11a687636e7b895","99007122.5835349","No"
"0x37449f2b1031bf7dd781db67eb40d2c2399a66e1","45455965.0790051","No"
"0xba597bbfa72cd1a9ed3683bc26432e9e5439c578","8008987.62933321","No"
"0x26aab7384268c31d7b0936da75840db1da398b9b","6585620.69794158","No"
"0x8efccadafabd8507f4009570c42b598b2af7ae24","9361.096379193","No"
"0x66be0c2ecd577e0dd2f6a64341e0844ba873a360","155350202.943989","No"
"0x0a5dcddaef6cb5f3d696f9b02f442b5040f11737","13029751.8291186","No"
"0x9b32fb74d02e08078776c4a0e709db77fd94bbe7","2711.796002548","No"
"0xd85f8063927eb72e1f4addd24d67116d65a369ea","1117.740853344","No"
"0xe6c518309f7937173481447fe08c82afe03ddf66","10000011.7043662","No"
"0xa130b5d3e6647d9bc9e19488cd8da63043b04d53","44256287.548503","No"
"0xe5c22155c6e7b399975cca319561620e7219ea3b","42013360.8064242","No"
"0xf8885d94ec7029575dd042b86bcc176983d854a1","16420549.7564586","No"
"0x93bef43c1257cf1a50a2a85d60b4a2e74a8f3fda","10806419.8841091","No"
"0xc90c1b4cf3b3c92e137ca21d41b4a6552d204d8d","0.544342176","No"
"0x52a8d6e5a91d79c2ed9448af79d765c371f414af","21337086.4055725","No"
"0x6d350784112847ee6b3aea2a87f104cb8e9a1559","16418778.2335238","No"
"0x70a4e6605fe7ace908a6941b8b07eb6951e3197a","24562097.945165","No"
"0x78d9f34d27b9281d19afea39d25f721dac11a97f","5227297.76287659","No"
"0xe658cda1ae32c9da7748f8faba02029d38892c57","4019909.04119731","No"
"0x8a6c5087ed807d7f04dc1bf9872db7ad31e5b1ea","2967079.13605746","No"
"0x09b3299844252dc0b5b975dd4eb3c6901c1cf442","26876662.4417363","No"
"0x9537c8f98aa2a512e45741215ee2bf06ea669211","15354896.8385885","No"
"0xe8e896e5a1b39d35820b72700be35faa50fe8de9","12272.044226713","No"
"0x13faa1008972a38ff0d1e44e2397099eeed403a2","21079781.104572","No"
"0x58b029195d5ffb36db6ebcf969307ea51496d239","7190499.11426219","No"
"0xc7c0fdde87d5c5c5b2d85b2195ca61a8947f0b55","9800001.96000039","No"
"0x48c8e712557134c79d1b54fc3822bc4e24a90ad5","72.896116115","No"
"0x5777b1d50fdef1b239f642c8d0c66d3b84d2ed4c","29400017.6400106","No"
"0x8196c11c08efe2c764b514e75668de5db474e8bb","10376.700810915","No"
"0xdb400a58434ef9b68bb520e4144bf54aa6938355","15617648.713347","No"
"0x02ce8e5361da90cbc0f1a31f22466da1e2ccd3a3","615623402.040367","No"
"0x18c59cf563e3678fe7972abfdb19e423728cbed6","2484952.78586037","No"
"0xa13ac925b0eb2131632d6bd752f3c8242ed6aa4c","34265467.0151984","No"
"0x7146c1c3c00acbe714e9cdabbbe4feea3244fe57","3430138.16995134","No"
"0xccef9817b03ca2978cec78af0d738f3442f4e7fb","118726374.627147","No"
"0xc3adc9cb05761ede82dd6d4ef9c7b346956e18bc","2246995.09037759","No"
"0xb50267a2d525e32095d088718c077bea122d2d03","29511264.3581994","No"
"0x9af333ed683f78581cf33cc4077d28c9a1c382c0","12210680.2552796","No"
"0xd2dbdaac39e7cea7fb1b48bafa20bef2cf10713c","72357865.5135846","No"
"0xc06e65f45f7256d088053e8f3f8a9dbdaae80a95","16675977.3652908","No"
"0xa19107247fea2332a5b5a20419292803498e251c","85170252.9125451","No"
"0x9c8c0e305d05277842db1b87fd8d17457fa16955","9032774.85708982","No"
"0x2faacbd1a3c6045c42a587092cf9a21360a3337d","218532200.853487","No"
"0xd6befbe876beea1ed20c1ef10dcc97f5ada87cdc","50962254.559823","No"
"0x62519aeac8fe5199a16bae7e3f2722121774a0c8","38022396.1456518","No"
"0x5dac67c07e43803abfbbea7468d9d4307a920a96","47918456.0221623","No"
"0x9a111401e9400678ac1c6c2e68f0e2b2a8c01a0d","22604013.4590304","No"
"0xfa9fda50df738185d58d9c17a0f022ebd95c7bd1","80.146449725","No"
"0x108e2dd5461d7cfcc1eddc19c2ac8e87d36bc70e","4900000.49000005","No"
"0xad808e43e9df338b8af0b5cf72732783c26778a8","31300403.8575548","No"
"0x09789fa18dce2a164919b644df0f934829b92770","1681284074.79468","No"
"0x6b021daf9c08f781beda44c68ca31ab7a50bf07b","2713.336171297","No"
"0x6731b94a53b5920ac3e41815a96a1d60f6889645","10093388.1034033","No"
"0x5273f9249fb82ea3dedb96240d147233ca41b91d","32959378.5022581","No"
"0x9d3add456081d207f3e9f3227a448885e68a5a7a","9957292.86160546","No"
"0x78303e08a51dfa372dccd5d721a975771e08adc1","169705685.565208","No"
"0x2f62eff19d3ee949fa14462e94233488a5ff1394","25297631.6275938","No"
"0xcd51aa194d8c3b5d7b5f304605b153c8beb55cf7","79003616.2872118","No"
"0xf9db11765b958562287d8bc00e773a6d43923308","84191538.5724505","No"
"0xb12ca343a4eba5c5ee157947dce7352dbdd7f565","26430073.8274766","No"
"0x89feaff023c6984d7322e73a737faa9df0b57e59","100420501.111807","No"
"0x3946b60ab5d3083df76d1a54c64f905e710351c1","84492778.2595603","No"
"0x68134e9a3c9e7112e822dc2f199185f588384670","79987406.637502","No"
"0xe9aeffb9d7fc2b6c52f1c0c28fd1d2a3e9fa4df7","76270906.5529308","No"
"0xc3841bed97599670f2e5253273a99b1ae457a6a4","35178658.1855258","No"
"0xd6c745d55b5e07e6d6673fcb4e09edc293cbaee4","76986070.9962945","No"
"0xdfb9f540406c9120e48ba904bab74a4d71d97d4e","27026871.2021886","No"
"0x1d996c631b89ee7adb65bae8c55412d8a407714e","45080041.4736382","No"
"0x18caf6730cd72ab2d4cea37eff1db61b729853e9","30066884.1417883","No"
"0x24115e70b86d38d8661f566791ab7970c369af6a","7003.296890024","No"
"0x20de4cac5bbe89d6fb178bd2877d45841f6aed1e","31610141.870676","No"
"0xe6009716a211fce4e5161cdf6f938d5d9e27f5b4","47432045.9142204","No"
"0xf72aa846ecf3e9e8f6fb208a5bc9675759099a9a","274053480.007145","No"
"0x79fe9987705125d8e03b9776392c1e53100d5809","1316.572259812","No"
"0x2b32f560f61e5652db66ea7d7c92869bb4eca540","1961218424.85133","No"
"0x390b85c13c38a5ddad1ceb8ae1a61eae2dd7cd9d","41660810.1656266","No"
"0x97cf6eb9aef4b07b6f61e58c497068388a060d50","77445900.9999912","No"
"0xce49667a9f93733077470e9e7b9ad2bd99c14bc9","9928848.57970453","No"
"0xfc0253a38eb7d80a83cd94c975f4b455b2b219e4","802734652.073123","No"
"0x1a91001dc0d805abf9d6bfe2e82db635120b1141","7181176.26361267","No"
"0x143151eeeb3f5db81130dd9340fad9580c65244d","68648165.1356433","No"
"0xf41c69567a362c2cfcc17c04709a414b5a898f05","25258868.9327702","No"
"0x792003aafcb5567e6f8b2e8f30a6320646500b28","810478.356018303","No"
"0xb219f51f1f2a66a0f7eef1a3aaed3c0c5ac20af5","15191584.1496626","No"
"0x73a977d7852077b670f792951e4e76d0a118d66f","113317949.876231","No"
"0x1a52ca791c5537c0f3a0f1623f8a80e8c2dfc584","4021300.13472353","No"
"0x1987ce78e82981c7ae9002fc1f3998b5e789dfba","166633144.899","No"
"0x231184c2ecf20deec7e0857f661d408361aece6b","100119338.958197","No"
"0xc7ed305bfac90687a5e166054fe8c9d06cddd732","158267943.680222","No"
"0xc2e692f43819bbc30c8ad12d61a3f4ff6eb589da","49000049.000049","No"
"0x82589b7ac1d80f4b8622ce4f2ebe4389e4878be3","19529301.9970039","No"
"0x258dee6ee172ad5ea631d0c97e9a6e8dee084ac3","9499092.84148464","No"
"0x6e89fd0c96841cf6cce5dca871e3ac1720ae37cf","1875454982.83766","No"
"0x071f8795b317bb554c3ba789b06c2b48f0ff9564","122396820.829056","No"
"0xffcf0073b205ff2cd264a8c421eda9ab1901ebf1","900015348.134622","No"
"0x2220dc644cff22b06d481b732c71f8f4291cc463","90796858.9042886","No"
"0x857639a13fac50ac86c7e79c5f9a9510a389ca98","1625.234505457","No"
"0x7a598f17eeeb5234ca6f4a2f2c5a537043f10907","88359805.9159038","No"
"0x7a579f158e430c0b52c30f62c7eb60b079ec331c","58297502.7593581","No"
"0x5a52f764aff8982b394b889a20ca822c1e789adf","2058566680.50083","No"
"0x5c68547b930630aaea647fe93ef65416c9b7638e","133244265.834253","No"
"0xdf13279a07d9b32649ccc74a57ee8572bf4ed029","6971.643611846","No"
"0x4956d1e918ab6ae79879dc8f871054b8d9bd4ab0","395014180.599842","No"
"0xcfaefdbe3c9756c67deb54dd43b45891eae541a5","144511624.265954","No"
"0x86f2b2cb5aec1f995b74fbde1fce13eb18dc8364","14315406.663588","No"
"0x1595fef58921bc13e379fd8f27e5cd7eb7e4c04a","513803.321939282","No"
"0x1a8c5f87b5e80febb7a6af18be0262208cda7e76","171223566.95207","No"
"0xf3db3e79cd7dd756d4babac4b7d64003fe4b33fa","867468215.978922","No"
"0x36d1372c86eca37063bce415750c3efcf04c41a2","78467547.9232074","No"
"0x706d16cf6f9e92a3644f086e6b8a5864931b6d17","103705779.156794","No"
"0x1e28c047c10c1b378dba92a0c3347c5c2dcfa47f","31498960.9671918","No"
"0x56d9ef9b74cb862e9c0795f78ad94737ae23dddd","28151075.6115433","No"
"0x9e342856f0936d6117c4c47d24c92bfb31a15839","2970.533927618","No"
"0xb3fdf04409cdad863c462acf0b787eb881186c01","33878058.0745971","No"
"0xd96622a9099d758f8d6664ae702a59e9d548ed23","4413873.19113337","No"
"0x094edef2a24b37e6182f1714bb0c555262d3694c","173200197.321053","No"
"0xaffa0e322113c4f0ee6453fb70ff5983857d22f7","69817562.6906065","No"
"0xe8349f1db09778a47fda6a89598a8dd24615bb4b","10216632.6954204","No"
"0xcea5185ad251f981b8fbe207fce4af1dde6cfce8","40602487.1311171","No"
"0x160d40940a15d38fcbb9aa35f5bbb0d713419d2d","62703549.7437311","No"
"0x51f10308b2bb3901dc5238c0fcbbd92a5ee876d0","19447643.6933308","No"
"0x61bc44ee5f89127d294c6938a0c25785877a649d","58512760.6959363","No"
"0x9e5836864b2241e1d5459c1987eb5fe7b9f8787d","73500110.2501654","No"
"0xca579f81361d20575ce6637799590ae4b1e6b783","37749973.0266377","No"
"0x405c201964806eab7b0947ae35fb02795404f517","2335970015.71086","No"
"0x3b7277128abd908630246e4db9abdcdfd8e96c15","36688758.6745357","No"
"0x368afcc81ec90e43f909a7bd107905edf23e572c","490000.714041157","No"
"0x564568e5cd3c243411564d1796b0b12a23e918ff","223338051.072469","No"
"0xa524d56f5d4c6484ebfbc3dddc983da563ef3ad2","45432944.9122231","No"
"0xd599da9ea796c6dca197f17af893e7637b29c6e6","21627505.0288068","No"
"0xfb0ac29d15b1181a181af8dcbec2f15ea42fb302","90675818.9635876","No"
"0xdefd4ae9f4dce65898aaad797a308da4fd161b3b","1292.668806956","No"
"0x2951e08ad9b55d47fb5c001d2038f7d40131d16d","326221169.669455","No"
"0x26b22c41c5c736fc44fec17a4716e7c7e520d17c","5466149.4643713","No"
"0xb6d8f84df22104610747f217948c399988fc3c80","30511750.2426883","No"
"0x1c7f6fa87e3b7913b44f925a9c74712eac0128b7","19600009.6544791","No"
"0x0770681c2b5baac977cb74a673eb6fa2f9ccc23e","38607446.6275548","No"
"0x5ea8f61d5b1c4fedba3ff42f95f0a7fb20d73df4","11374996.5404687","No"
"0x332a2d2c71f1792ddf8757a2ee9d5e751222c7fa","5961158.89371664","No"
"0x00d0858c5a3652dae410db0f56baf75ed40e8bbe","490000.0049","No"
"0xcc71b6e44f20b83dd18c4cd25623aa66c608759e","66738376.7479522","No"
"0x598eeb68b90039d979540804af64fb0c81bd2998","2955923.31406822","No"
"0xc6d9e96d691a4cf0c9863754316826786f6737e4","114.446797802","No"
"0x9fcd337fbb3a23a0a7efd3f77458ac5cec43be3c","452375690.361561","No"
"0xf50daa815dbf9cebb1137beb408cd0b1d4cc1043","37839614.6163872","No"
"0x68ef23e8fd150658ce2138ba693b673f924ddabe","1515441495.46743","No"
"0xc5d9987b46c559c428df2186722fe4408e43c548","9208456.00791547","No"
"0x869def6ff2e47443335dd70b8568282a448e4646","9800075.6708464","No"
"0xd2b912af3314352a11606ac669e745f2fe736a07","55138.305465616","No"
"0xaadec7c10842de8e62ce4faed9314aad09a367d1","910.151947741","No"
"0x1dd005867a4dcf617b18d6823c199975fdabd5fa","5768.484313434","No"
"0xba11ff57a9d9adabecd40cfd8037cda0d80d2036","261191.569654801","No"
"0xb627a1d66b57434a3a36337ab0029fc9a54fe48f","0.94487834","No"
"0x4fa85a4adaa532bffe38293317b1b79cbb20d40f","8245.922961607","No"
"0x8d6e7825f3377d136cd7ae930506a73e9e8b63ae","26262525.7950321","No"
"0x0e6a386b77acfcd8a1473857a7ba32cbf823c498","43607153.2761193","No"
"0xbd6d23c529993aaed03faf602567975f168f32bf","50000053.6623723","No"
"0xb317efe81712261a3d8190a767694a056557d29b","9800001.96000039","No"
"0x9e17c96cbbe539e17dd75e3639436edaf0af632f","1000563951.75436","No"
"0x3361475ad16dfb56367755c103475c2d02d53938","34151079.1162229","No"
"0x10fced9a7c5d1ae7186d5e5912b73d47c1283d65","177657802.814341","No"
"0x95b5f0191283d305ae966337b05db52b95d85c6a","35940178.0087443","No"
"0x79e75b63fe346e486d7d2941494ad08b4b22b0e9","41804356.1370965","No"
"0x6c2941bc8c62d3e3bf226457eba4b7ff130066ce","16049458.7540776","No"
"0x2399c77ff6fa7d0d182fc75769e47619ef86fe0c","12777.710372192","No"
"0x71f3908640bd205a9489f4352d05268ef35a2d55","219378.39244813","No"
"0xbbeeff9b04223ede680443db122bd5c0f6b9d30a","417978132.449417","No"
"0xb447cb4b77dea33a0f32db88372f717de680c541","36766620.6056562","No"
"0x92332d941ca675ba3a22b8a52cee7f4cad38a46a","29462443.7150014","No"
"0xaeb8e786db6709c8c4e59be4b47935f992ec2efc","26806858.9159737","No"
"0x5cfcd0928867dd0cba6d082e1a7c03447226f575","20559886.0267853","No"
"0xcc315f46ba461f364674648004f2f7de3594c55b","62744760.8872032","No"
"0x2a8dc879a7cb19cde1bee01fe7adc463fc29980b","161453046.401926","No"
"0x17c232fdb3bc0b5d25013b8afed98607f161d07f","562158405.243732","No"
"0xfcba10e925b3aa970e0b4bdd18ec3c571524fc1f","1145.932964787","No"
"0xca914374a9506a15858bb314cc1ade8079aef0fd","14700004.4100013","No"
"0x192de5f043507d0a0e60e5777a83fb37621a4886","2804.08811305","No"
"0x8f4b59f8c049eac5caf9a36b3580ace16baf7db4","61413280.4169742","No"
"0x33fdbd06e8f2f88184251540c8971e41fe6aad35","115465334.465337","No"
"0xb203faa6207ce9384d46fa5b9f397d304f17943c","62905201.0604233","No"
"0x1613de744024f56cf4c8e32e328729ae4d6c418f","92536968.9993083","No"
"0x7f036e91bb4868d3491f3dac0992cbd98bd7cb7f","36787.7315325","No"
"0x3557e236fffb99a2d317e008f7476f44780cc3df","112076045.723325","No"
"0xffef6010e7638989ccbb3155d8d38fe377846529","622169541.222165","No"
"0x1a247e6759ea00e1910ed66c029419026a0518e4","111015162.814494","No"
"0x5194f69aaaecbb0b69b325713576785a9d98c7e6","15200386.2394955","No"
"0xb9e2b9930868eddec840d00cbbd7e756c3f9a533","2191810862.21181","No"
"0x7cf36f3c59a3660cb36cc0b9fe51290e025aedd0","20381383.2454182","No"
"0x723a0fef459931e61dddda1224c7d43489d48652","58814672.6858007","No"
"0x2d067af699f30e8f5477d5dfba81f570ee8a9af4","11483138.4828682","No"
"0x8d700cd2c2c8eb2c9d7656c35b15d9cd54214d8e","20349167.6101591","No"
"0x1cae2c445438113f4f80a46a823192f827b0d5b6","30718306.1565757","No"
"0x6e16cc27a3ba9527447483b113fe590f8553e707","141753824.151746","No"
"0xe1328f1790be7e432d3e3467e27fc5ff529d5b6f","51180880.4505215","No"
"0x671a1ac27121fe1eacc6353d7bee96b8b204d889","899729035.438515","No"
"0x5d2b7f517ea0c3a68e58c32f97b2b2c080ea3d6f","482303003.352448","No"
"0xff951a8b5aa99e11d0e68f67b7cc0dc9101b63fa","32923593.184402","No"
"0x53fb9f858d605eabed057fe2800ceb352329ddc7","1049810454.92171","No"
"0x54225fb291076e5a1c49601ebfd872429a9a7236","780575826.67674","No"
"0x6be6bf3cc836581bbf7baff0cf25b325fb63d7e2","24714635.8267784","No"
"0xac9f7200718f7dd040acd1ad0b7022c2ede36509","101983566.967376","No"
"0x89cf0015c472067fa702e54dbb2e018c81da231d","165221165.465209","No"
"0x9f6729a2e7148f52d85260b639c6b2af2f67bccd","141120406.426771","No"
"0x6e5b9039c806be1b1a86d3ef76fb07871fe2e4bf","21371376.3736675","No"
"0x440d6d273d25406ccacfdf2b97c6fbe1cb82b54b","110971443.59471","No"
"0xd109c4cb3720266606da50019767a97b37be5144","36110488.9709723","No"
"0x4a8cef1125c44c0f2155a0f49914241b4d6e5783","98000196.000392","No"
"0x4e2fac0c7c7008fd2e14c78d9160920f554b8dec","54821942.5523449","No"
"0x5d4272799d45c325c115442e54688a416de87094","7622222.64567896","No"
"0x49582431cc823f0b62a72238131c20cdd3ce5052","98000196.000392","No"
"0xa8415c4d2d74e6f3b93d9521e4787ffeecb2b225","516734997.457773","No"
"0x51d9bfe5254c60fb74ea1c2b7fc60970c0445941","1669233.70516196","No"
"0xa22b5c22fc408a83aa023bc019f788dbd975e7ae","280993474.931912","No"
"0x0502c3d655fcee4805e4bc2f8b4d3794afaab8ec","13376.729976289","No"
"0x000159831a681a63b01911b9c162fbb8949976ba","3000042453.68242","No"
"0x6ea31cc1b95ce13b00b98d25611d3212b4cd860b","242571.087049897","No"
"0x5ed7c983425a4249646e8e9c40c0cd4a24d8166f","311846959.919329","No"
"0x2a1cc2418a7a2edbc5c79838ecf5c5d770622f9d","940438197.249284","No"
"0x573068628665a40aa2dddfd5ec3c90167424a9ee","124010271.966445","No"
"0x89cce8b7bcaad16debdf3acd44dce9a0bed8da82","145181525.635434","No"
"0x85f5ab858fc5b4871b3eb52016d75df0ad2225b5","50580428.6309182","No"
"0x8e457fefe10dc36329ff9accbcda8bb88efa9685","257514926.891579","No"
"0xd051b3736997a602746aaed1eda645e7bd1c8c0d","98002810.8431933","No"
"0xb4cb303e4b3b34f626bf3304521e8b157a237dd7","1233032914.6153","No"
"0x7438555a6d1827d78ee79a74d930702433b4e9a7","12203884.7758595","No"
"0xe6567e9670ac08fae9ab557334c05ae9afb92fc2","30480995.8469124","No"
"0x762e8348579119294fc6f927ea38e06511506f1d","8354.228360991","No"
"0x2eb1040350e797b8d62972bda1fe829fb2783d8c","85507175.1176714","No"
"0x13404fd29423fabb69de30ac38aaf76e1acea908","164013487.828104","No"
"0x42fd1fa06ecb74908f483da056715f61897933b5","72587116.9438767","No"
"0x340e5f5516c823b47f06adb6f20f96b38f2401b8","74255640.7601275","No"
"0x986424cb745c824bbd736756aee82629d5810cf2","107002318.28805","No"
"0xfd529ec896da403bc737b26c8ffaa3678383c57c","103942770.753118","No"
"0x2c6c79d5eab39369430cb543e9b832c4c8a41c79","1608.130197859","No"
"0xac0c0e0caa2fb5c2b656814ca69e45a81563cc09","461771500.768564","No"
"0x12bdc9ada85895bb065e5db48d80334d28548492","1325796080.1564","No"
"0x4461923d2e5b1c85140d36cbf6001529c19a3fd5","201717154.137731","No"
"0xca404006acd2e252d332f329e1f4a4b6dee5f96f","150463324.165092","No"
"0x23653e129f197793ef56238957f58d587be60665","20009405.0709414","No"
"0x2621315cd0ff1e0479c90c5c77c5047f22b78390","30750612.7102938","No"
"0x1375fb930ccd9e4b763a8cada3724b07b7d964ff","1891690476.48225","No"
"0xd9b39cf5157240c12081e3a310acb3a079f9cec0","1960078403.13613","No"
"0x03b7045c6d2c06344df174f382d98a452e51736f","19400.577299488","No"
"0xebfd486d842e25582591409a4c10d2a71f7ccb08","2127122985.3135","No"
"0xc81e86cc004d900a6f32a22b07afbe8a1394989c","401977.131371592","No"
"0xe163ae0126bdb01c0a84e4e80fe14cf5effeb1e6","1238844963.24226","No"
"0x476ce01bbe1d6180011776785f32686de194686e","980019600.392008","No"
"0x7951fd26d65a4617b34a638d4456760b58210008","1841.928136117","No"
"0xea6bb67cf039360f35cd63b3967aa6f127cf3f0e","930.60697113","No"
"0x72df1b256523db44eeca60ec6244c0e74d00c4d3","28176905.0914272","No"
"0x795d9ba6a9a8e96b7c2bc33a387018ca13b6e107","84761284.6129706","No"
"0xd9a934304c05b10e40a8be2aedfa92185348d61f","283823488.577362","No"
"0xfb63808c6b6febc4f341073211127aa383e175cd","769245364.216068","No"
"0xc5750aebdeb9bf51678c5faad4d337875055c5a5","317330410.549955","No"
"0x16d96594af7406fa84867564d9367a682902d70a","203877450.627053","No"
"0x1cdd8a78159ebe214db3d080319bb611ce13da1c","564057674.045662","No"
"0xac9dc1236c80be792281f909735df623cdbc486d","250346666.625684","No"
"0x54d59567f4f571b14896e4eb286ae033158b5b39","237423980.31236","No"
"0x0cd4c1fed29f9299ae7990af2a3b7ccf872226a5","591804120.854551","No"
"0x4f2d633b6d50e65e2b67a197e76f8139cea83f36","521163970.542802","No"
"0x42c7f7b3896391ef9e97386a6d23093b55744745","98345466.0107525","No"
"0x699180c19a2c229083ab2898f9a51ef1923202ec","97942790.4138313","No"
"0x194253d00d66390a63c2a07759a51436ac93d06c","1193049568.79672","No"
"0x017478dcdcebf2e0aa65f52bfba25543a237b995","963512.95968396","No"
"0x05cb79b1f3a0e90c9659bfe1ed6a4ec89cea3ba8","815072051.627763","No"
"0xf63c57d69f678a73182b32a8a2703f14555ba1f2","95303996.3980592","No"
"0x757a5fd4e0d94df5b1591972801015e6bbb48b57","98000196.000392","No"
"0xa62e3fb60570da91d1e28abbbe7b5a4b1c83405b","1128104056.07643","No"
"0x4b70203ef26f7d9128c44c2c621a69261edc5677","311526756.086702","No"
"0x545e3de9a503e453102d4c76180976bbf04c458e","181282820.034237","No"
"0xde8a0cb991b329ac7f426104f1d5cb58018c70d3","265172387.518447","No"
"0x9999a428437c1c2f5fc189526e25d9b3a0eb0167","162640650.282809","No"
"0x1be6b36b1078069938604b92f345d1a24b64ca33","107781289.085308","No"
"0x413545b09170ac2ddced06387aaa838e442ec5ad","98915265.8206736","No"
"0x114853400b126aec552306b4fdd267701a2e988e","5096511673.94655","No"
"0xb496dc2a6386cf1194dd651a4672c5f8aaf96aee","762388.556408121","No"
"0x62ecee90823d1c0fd724556bd1d2e47cc50599ff","174774386.129531","No"
"0x8d526b0b67f3c320f1adb7a86988803b5b91d5ff","987.709636108","No"
"0x3d4930b4852cf83b1435fde9e765f198fa1bd6db","3972809876.20385","No"
"0x8d5f58306313c8581ccf1eef5715b8a574c65408","133809875.077484","No"
"0xb8e7aec562674410e1e4cb4d169d15ec262d2ea5","106339.495924438","No"
"0xf59c0453942aca8479bd88e460d27302647d601c","143328661.21917","No"
"0xc30ef471c33f1636714619b4513492e3105cff8f","9800001.96000039","No"
"0xea67635af8e3a345d26a460e41dfcaa9d494e271","876786675.604375","No"
"0x3e401ad8f0235270c9b38ecf92b578a86312e090","9800001.96000039","No"
"0x68c30743ba3ec92752d7441498bdade6964b1590","62547000.8928743","No"
"0xd8810a877146592f7cce245098d198e66d9bcbfe","490005770.521487","No"
"0xe7d09d3945a77084baed213acf114af8ab8b7eee","343155283.157627","No"
"0xbfc27787079f4319e5f97ecfedb9e48a617ef00a","111865780.491299","No"
"0x447c1604043b88aab28be1479875ff499fcc4075","68625008.209302","No"
"0x781be5eee5dea2c44d3b4abc971ee0b4197b131b","22540010.3684048","No"
"0x511308dd4f4fcf5b2c22d7c854a1927414cf2cea","191237656.627132","No"
"0x9206c694f721fb9073c37879191610a4d9cba37b","483372543.639689","No"
"0x6302ee681f9184261b2a0340f84c633598e0776f","6053688856.70911","No"
"0x1cce349fa4efec8e321f4159cefb7fa35ad6f4ac","61404574.710736","No"
"0xe0cbcb754c623039d16e6478f74d07abe6cc92a0","82941159.4577582","No"
"0x41e19a3a488cd49ab109f4644bb6699bbb6f7754","1123586622.35172","No"
"0xe45cbf7c756a3cd533ede16d4cb500f1af1648cd","1244032075.60858","No"
"0x691e27c4c24cf8a5700563e42dadf66b557f372c","44108218.4370866","No"
"0x81521cca137b5f1fe915f9577e15fcbf890f05e4","4077133092.37409","No"
"0x05d5f959b95e6c62e64d6a476d873d980c3f34a0","758034463.522893","No"
"0x52247101b416177a636a60033423425167efcd70","254097835.854595","No"
"0xcbeef760e0be52361a79f9951f1a535238804b26","3682507302.70806","No"
"0x927521baeba66f707a77b91910a84ff5ccf3447a","748455977.932277","No"
"0x09e5ec15025a0b1e1dd9c0013b4885bc1db31a3f","27959319.673237","No"
"0xcf6d38f828b34af66a862918a8e5ec583753e981","700171006.431344","No"
"0x450d457986d62632af37318e52dde7c26b0ed67b","101576163.207001","No"
"0xe6856e4bb35a95d09ca9b116e7e0499e16aa1582","30911676.3109232","No"
"0x7ded322871ff107cb904a691084cb2b894e16a65","133768042.778415","No"
"0x40996727e713a8815c19129f2514315274d24cde","53251655.9926131","No"
"0x68fc3754e28aed761a2a2c9f6d6092b691fe2352","9800001.96000039","No"
"0x784e8f8540355a324db3a7d725720e99051fd3ae","1836093582.96114","No"
"0x8be09401bfc531f5442e81cc13ead61b83ee20f8","203902896.03527","No"
"0xedca5d37d33a69b69dff9ccfadc4aa20dc42949d","2072501467.52007","No"
"0x3ee59680a69c3823d14dc8f35308d127a7960b7b","9711.632500469","No"
"0xcb8d2b7ead54f745e43ef48ad0efc45e20667aaa","43648417.4782099","No"
"0xcb59d4fc32af154b22758347243523ace690485f","90766497.2186044","No"
"0x11689346364ad2359a742711b21081b94df19fcd","300037626.086561","No"
"0x13a466e07b4a4b9d18d719c04f0f070a6c9d807a","996003513.16408","No"
"0x4f9278bd1efa6195785b441ce5d53947d86d8c55","416445054.639279","No"
"0xfe219aa37ba3e61eaae1ff4ca121232839063dc1","49000049.000049","No"
"0xaecdddefaf2b15640715b1bc4801d6db2b2563b2","688050942.736507","No"
"0x59b88d10ccf643296e850049c10c1ddae545c80c","117600282.240677","No"
"0xf0646f8d097542e0faa1828ae1f57f90c145506d","232188807.102256","No"
"0x6f2e19b1dac147587ab8ad3a3ff556a5f2bb332a","50000946.9798486","No"
"0x71749af1e6a25ddf6f5c9711ea46fcbebfd1fb75","122026907.392218","No"
"0xf9c4564bd9aa6564553fa3f559cdb366ed2d7e1a","25304691.0678992","No"
"0xf2c3149bde5839810a57b8cc907c2e8adb580b60","47931304.1614712","No"
"0x0d2f1bbe4d4918caebadbb01e65afefd8d444a6d","968614791.78386","No"
"0x705e4f178e938b46e576e2b20d377eba1d728c07","2347751846.39983","No"
"0x67e558c916939de9cd544f63e7f0861293c63cd2","193268908.604757","No"
"0x1a046657679be258c9cf0ccd6479af35ff08700b","294001764.010584","No"
"0x95893be45a9ef35773b6b42f44bfa03acb43eb5f","45313438.2024217","No"
"0x97a22b6f6ccf3f2949b64d481e29694c36f00f1e","82083108.2711879","No"
"0xda87cbf24bbf16956acab08e6ec2763b20dd7592","246947064.964646","No"
"0x0d0d66388964d4a39627fe66443eac62696d8bea","36290.157278642","No"
"0xcffc4e31c47c2adab74458763312d3891f92637f","9593950.77950623","No"
"0x0476735e331c970839be97494e0371239db1b837","268108020.638573","No"
"0xc9786a4ee2d696f08600daf8ed2c8f9fda81db17","243001082.368018","No"
"0x55ff4b9fc5b790437b684dc4a68d78cc8221b426","735046508.132218","No"
"0x7dd92ce69015cf20cfb698ecaf70a1bd25b82608","1691262752.35972","No"
"0x62ecb2d4f2290b7d2f8292e8ea59f723c4e1a295","237307602.957155","No"
"0x730858fb02c5864968d40b33330e2f9460392078","392003136.025088","No"
"0x5357777ddd555a192e1e87b96a93aadcc463d0f8","316210935.168534","No"
"0x4a49c079bc51fd66d2ca4dfed35559c5aae3428d","109735374.888043","No"
"0x6c3f47a22a022dc5c93c772c296eeafd68d20d4f","87302183.0791955","No"
"0x91d447dbd9733fd8b0af50fec2df8378d296d684","69993676.9903037","No"
"0xce7b5c52ebcfc238f4b3557dd2c61017affab5df","3164418012.321","No"
"0xc22c16241a8cf5fe94f02a5b888371db78d3236d","98000196.000392","No"
"0x2cb544ec53bfc40d97ecb9579beff2b43778fcc6","196000784.003136","No"
"0xd89654f93314cc4f09a0fb0367cb6b7a711998cd","22625474.8155565","No"
"0xcfac93347286ea241d7c62bd026175794e92520a","220125405.228431","No"
"0xde6e4005d4eef2e72f66ea1e9b4970c526b4a9cb","57715657.5379577","No"
"0x39c86d4f10b9f7f46011cc2a08f65a1574bd0776","98000196.000392","No"
"0x60b76f6d1b96c5875c75943fdc0b1cb34996dbdc","41549885.4355513","No"
"0xc1029fbc0329266ba4e75b5d05b2c8409cd36985","572573.414046018","No"
"0xf6352b344c7cf369924975bda04ea6aa8259e3de","490004900.049001","No"
"0x7d227f5b53e349bf4d2fcea18ea57c4b15427e61","111100117.101176","No"
"0x53beff41d35890134ee269bb2be8161bdcd0baf9","25455559.7315068","No"
"0x5fbfe9fc869c4481ff7bd084ece84162e4210420","333833844.771876","No"
"0x0eb888494af74ad8053d0180f1c95da7152aac24","14093874.053821","No"
"0x639a66ff999b1a44f6cd42346e4501f357f3e414","106877983.089604","No"
"0x60289fc6b1c03f52b266fdfc85b4f629d0794394","98354199.4071626","No"
"0xbea7d5478ba963b3aba8d120866003b5231baf1c","107433041.813863","No"
"0xff4cb4bd14badef68dbbc21a015ae702162197a1","19600007.8400031","No"
"0x101d968fc3a5ab5f19b6c6de109e2270f07cc685","217789498.456088","No"
"0x627201ce0f95355b7d94a6b3931b26ff08871ac5","24186753.8659614","No"
"0x01142ecd5f61494fdc7aa393fdbff14730906562","2119499053.34087","No"
"0xe4c0f9ff0cadc8c3a4f7edb5158dcde609e7e0d2","98000196.000392","No"
"0x37227fd3351f34ccc647b95e43b6334bb56b2bde","98127556.689498","No"
"0x7f8c0b52919af6ea804b2aab6ced125e43f4d383","62561617.4276729","No"
